Landsat Product Identifier,Landsat Scene Identifier,Acquisition Date,Collection Category,Collection Number,WRS Path,WRS Row,Target WRS Path,Target WRS Row,Nadir/Off Nadir,Roll Angle,Date L-1 Generated,Start Time,Stop Time,Station Identifier,Land Cloud Cover,Scene Cloud Cover,Ground Control Points Model,Ground Control Points Version,Geometric RMSE Model (meters),Geometric RMSE Model X,Geometric RMSE Model Y,Image Quality,Processing Software Version,Sun Elevation L1,Sun Azimuth L1,TIRS SSM Model,Data Type Level-1,Sensor Identifier,Panchromatic Lines,Panchromatic Samples,Reflective Lines,Reflective Samples,Thermal Lines,Thermal Samples,Map Projection Level-1,UTM Zone,Datum,Ellipsoid,Grid Cell Size Panchromatic,Grid Cell Size Reflective,Grid Cell Size Thermal,Bias Parameter File Name OLI,Bias Parameter File Name TIRS, Calibration Parameter File,RLUT File Name,Center Latitude,Center Longitude,UL Corner Lat,UL Corner Long,UR Corner Lat,UR Corner Long,LL Corner Lat,LL Corner Long,LR Corner Lat,LR Corner Long,Center Latitude dec,Center Longitude dec,UL Corner Lat dec,UL Corner Long dec,UR Corner Lat dec,UR Corner Long dec,LL Corner Lat dec,LL Corner Long dec,LR Corner Lat dec,LR Corner Long dec,Display ID,Ordering ID,Browse Link
LC08_L1GT_156119_20170207_20170216_01_T2,LC81561192017038LGN00,2017/02/07,T2,1, 156, 119,156, 119,NADIR,0,2017/02/16,2017:038:06:51:54.1911200,2017:038:06:52:25.9611170,LGN,0,0,-1,4,,,,9,LPGS_2.7.0,14.64740065,94.78308303,FINAL,OLI_TIRS_L1GT,OLI_TIRS,18021,17981,9011,8991,9011,8991,PS,,WGS84,WGS84,15,30,30,LO8BPF20170207060803_20170207065418.02,LT8BPF20170126100746_20170211131243.01,LC08CPF_20170101_20170331_01.01,LC08RLUT_20150303_20431231_01_12.h5,80°47'28.00"S,11°50'31.09"W,79°36'07.09"S,9°50'24.72"W,81°06'00.22"S,4°13'41.20"W,80°20'22.02"S,18°53'38.36"W,81°58'09.73"S,14°26'29.62"W,-80.79111,-11.84197,-79.60197,-9.8402,-81.10006,-4.22811,-80.33945,-18.89399,-81.96937,-14.44156,LC08_L1GT_156119_20170207_20170216_01_T2,LC08_L1GT_156119_20170207_20170216_01_T2,https://earthexplorer.usgs.gov/browse-link/13400/LC81561192017038LGN00
LC08_L1GT_156021_20170207_20170216_01_T2,LC81560212017038LGN00,2017/02/07,T2,1, 156, 021,156, 021,NADIR,-.001,2017/02/16,2017:038:06:12:48.6376440,2017:038:06:13:20.4076420,LGN,77.05,77.05,-1,4,0,0,0,9,LPGS_2.7.0,17.22495649,161.60475714,FINAL,OLI_TIRS_L1GT,OLI_TIRS,15841,15661,7921,7831,7921,7831,UTM,42,WGS84,WGS84,15,30,30,LO8BPF20170207060803_20170207065418.02,LT8BPF20170126100746_20170211131243.01,LC08CPF_20170101_20170331_01.01,LC08RLUT_20150303_20431231_01_12.h5,55°54'40.39"N,72°03'13.14"E,56°59'35.02"N,71°00'09.97"E,56°29'16.12"N,74°00'12.17"E,55°18'15.88"N,70°09'32.76"E,54°48'40.57"N,73°02'18.74"E,55.91122,72.05365,56.99306,71.00277,56.48781,74.00338,55.30441,70.1591,54.81127,73.03854,LC08_L1GT_156021_20170207_20170216_01_T2,LC08_L1GT_156021_20170207_20170216_01_T2,https://earthexplorer.usgs.gov/browse-link/13400/LC81560212017038LGN00
LC08_L1GT_156121_20170207_20170216_01_T2,LC81561212017038LGN00,2017/02/07,T2,1, 156, 121,156, 121,NADIR,0,2017/02/16,2017:038:06:52:42.1595800,2017:038:06:53:13.9295770,LGN,0,0,-1,4,,,,9,LPGS_2.7.0,12.21179672,112.24772652,FINAL,OLI_TIRS_L1GT,OLI_TIRS,18021,17981,9011,8991,9011,8991,PS,,WGS84,WGS84,15,30,30,LO8BPF20170207060803_20170207065418.02,LT8BPF20170126100746_20170211131243.01,LC08CPF_20170101_20170331_01.01,LC08RLUT_20150303_20431231_01_12.h5,81°44'09.60"S,30°04'51.38"W,80°41'30.05"S,25°44'02.87"W,82°23'38.98"S,22°29'10.82"W,80°57'36.04"S,36°31'18.48"W,82°43'21.54"S,35°39'26.75"W,-81.736,-30.08094,-80.69168,-25.73413,-82.39416,-22.48634,-80.96001,-36.5218,-82.72265,-35.65743,LC08_L1GT_156121_20170207_20170216_01_T2,LC08_L1GT_156121_20170207_20170216_01_T2,https://earthexplorer.usgs.gov/browse-link/13400/LC81561212017038LGN00
LC08_L1TP_156018_20170207_20170216_01_T1,LC81560182017038LGN00,2017/02/07,T1,1, 156, 018,156, 018,NADIR,-.001,2017/02/16,2017:038:06:11:37.0068910,2017:038:06:12:08.7768880,LGN,10.4,10.4,90,4,9.03,5.457,7.195,9,LPGS_2.7.0,13.57200376,164.12057118,FINAL,OLI_TIRS_L1TP,OLI_TIRS,16501,16341,8251,8171,8251,8171,UTM,43,WGS84,WGS84,15,30,30,LO8BPF20170207060803_20170207065418.02,LT8BPF20170126100746_20170211131243.01,LC08CPF_20170101_20170331_01.01,LC08RLUT_20150303_20431231_01_12.h5,60°05'36.82"N,74°33'15.08"E,61°11'24.04"N,73°25'40.48"E,60°38'06.72"N,76°47'01.75"E,59°30'55.94"N,72°23'41.93"E,58°58'42.74"N,75°35'49.56"E,60.09356,74.55419,61.19001,73.42791,60.6352,76.78382,59.51554,72.39498,58.97854,75.5971,LC08_L1TP_156018_20170207_20170216_01_T1,LC08_L1TP_156018_20170207_20170216_01_T1,https://earthexplorer.usgs.gov/browse-link/13400/LC81560182017038LGN00
LC08_L1TP_003048_20170207_20170216_01_T1,LC80030482017038LGN00,2017/02/07,T1,1, 003, 048,3, 048,NADIR,-.001,2017/02/16,2017:038:14:37:58.5535320,2017:038:14:38:30.3235290,LGN,23.28,16.23,33,4,10.63,6.652,8.291,9,LPGS_2.7.0,47.46429145,138.13004635,FINAL,OLI_TIRS_L1TP,OLI_TIRS,15541,15241,7771,7621,7771,7621,UTM,20,WGS84,WGS84,15,30,30,LO8BPF20170207092549_20170207150818.01,LT8BPF20170126100746_20170211131243.01,LC08CPF_20170101_20170331_01.01,LC08RLUT_20150303_20431231_01_12.h5,17°20'39.48"N,63°53'43.91"W,18°23'20.98"N,64°34'44.04"W,18°01'28.31"N,62°49'16.36"W,16°39'20.56"N,64°57'47.05"W,16°17'20.47"N,63°13'19.99"W,17.3443,-63.89553,18.38916,-64.5789,18.02453,-62.82121,16.65571,-64.96307,16.28902,-63.22222,LC08_L1TP_003048_20170207_20170216_01_T1,LC08_L1TP_003048_20170207_20170216_01_T1,https://earthexplorer.usgs.gov/browse-link/13400/LC80030482017038LGN00
LC08_L1GT_003050_20170207_20170216_01_T2,LC80030502017038LGN00,2017/02/07,T2,1, 003, 050,3, 050,NADIR,-.001,2017/02/16,2017:038:14:38:46.3567880,2017:038:14:39:18.1267850,LGN,-1,40.92,-1,4,,,,9,LPGS_2.7.0,49.27453558,135.42862108,FINAL,OLI_TIRS_L1GT,OLI_TIRS,15561,15261,7781,7631,7781,7631,UTM,20,WGS84,WGS84,15,30,30,LO8BPF20170207092549_20170207150818.01,LT8BPF20170126100746_20170211131243.01,LC08CPF_20170101_20170331_01.01,LC08RLUT_20150303_20431231_01_12.h5,14°27'24.66"N,64°32'32.03"W,15°30'05.47"N,65°12'58.72"W,15°08'20.44"N,63°29'05.32"W,13°46'01.81"N,65°35'39.77"W,13°24'08.39"N,63°52'35.87"W,14.45685,-64.54223,15.50152,-65.21631,15.13901,-63.48481,13.76717,-65.59438,13.40233,-63.87663,LC08_L1GT_003050_20170207_20170216_01_T2,LC08_L1GT_003050_20170207_20170216_01_T2,https://earthexplorer.usgs.gov/browse-link/13400/LC80030502017038LGN00
LC08_L1GT_156120_20170207_20170216_01_T2,LC81561202017038LGN00,2017/02/07,T2,1, 156, 120,156, 120,NADIR,0,2017/02/16,2017:038:06:52:18.1711140,2017:038:06:52:49.9411110,LGN,.01,.01,-1,4,,,,9,LPGS_2.7.0,13.43102441,103.01690326,FINAL,OLI_TIRS_L1GT,OLI_TIRS,18021,17981,9011,8991,9011,8991,PS,,WGS84,WGS84,15,30,30,LO8BPF20170207060803_20170207065418.02,LT8BPF20170126100746_20170211131243.01,LC08CPF_20170101_20170331_01.01,LC08RLUT_20150303_20431231_01_12.h5,81°22'10.42"S,20°28'19.49"W,80°14'14.03"S,17°21'11.02"W,81°50'49.45"S,12°38'52.33"W,80°45'21.17"S,27°25'01.99"W,82°28'20.21"S,24°31'42.28"W,-81.36956,-20.47208,-80.23723,-17.35306,-81.84707,-12.64787,-80.75588,-27.41722,-82.47228,-24.52841,LC08_L1GT_156120_20170207_20170216_01_T2,LC08_L1GT_156120_20170207_20170216_01_T2,https://earthexplorer.usgs.gov/browse-link/13400/LC81561202017038LGN00
LC08_L1GT_003013_20170207_20170216_01_T2,LC80030132017038LGN00,2017/02/07,T2,1, 003, 013,3, 013,NADIR,-.001,2017/02/16,2017:038:14:24:02.5705350,2017:038:14:24:34.3405320,LGN,99.98,99.98,-1,4,0,0,0,9,LPGS_2.7.0,7.55011604,169.52355543,FINAL,OLI_TIRS_L1GT,OLI_TIRS,16801,16701,8401,8351,8401,8351,UTM,23,WGS84,WGS84,15,30,30,LO8BPF20170207092549_20170207150818.01,LT8BPF20170126100746_20170211131243.01,LC08CPF_20170101_20170331_01.01,LC08RLUT_20150303_20431231_01_12.h5,66°56'21.62"N,43°18'31.61"W,68°04'16.21"N,44°32'08.59"W,67°23'23.46"N,40°22'09.52"W,66°26'12.05"N,46°08'28.03"W,65°47'22.06"N,42°12'23.47"W,66.93934,-43.30878,68.07117,-44.53572,67.38985,-40.36931,66.43668,-46.14112,65.78946,-42.20652,LC08_L1GT_003013_20170207_20170216_01_T2,LC08_L1GT_003013_20170207_20170216_01_T2,https://earthexplorer.usgs.gov/browse-link/13400/LC80030132017038LGN00
LC08_L1GT_003011_20170207_20170216_01_T2,LC80030112017038LGN00,2017/02/07,T2,1, 003, 011,3, 011,NADIR,-.001,2017/02/16,2017:038:14:23:14.8223470,2017:038:14:23:46.5923440,LGN,86.1,86.1,-1,4,0,0,0,9,LPGS_2.7.0,5.09008542,172.4816197,FINAL,OLI_TIRS_L1GT,OLI_TIRS,17401,17301,8701,8651,8701,8651,UTM,24,WGS84,WGS84,15,30,30,LO8BPF20170207092549_20170207150818.01,LT8BPF20170126100746_20170211131243.01,LC08CPF_20170101_20170331_01.01,LC08RLUT_20150303_20431231_01_12.h5,69°36'23.62"N,40°06'25.88"W,70°45'28.26"N,41°20'20.00"W,70°00'00.32"N,36°44'37.54"W,69°09'04.57"N,43°20'43.76"W,68°26'17.77"N,39°01'14.45"W,69.60656,-40.10719,70.75785,-41.33889,70.00009,-36.74376,69.15127,-43.34549,68.43827,-39.02068,LC08_L1GT_003011_20170207_20170216_01_T2,LC08_L1GT_003011_20170207_20170216_01_T2,https://earthexplorer.usgs.gov/browse-link/13400/LC80030112017038LGN00
LC08_L1GT_003012_20170207_20170216_01_T2,LC80030122017038LGN00,2017/02/07,T2,1, 003, 012,3, 012,NADIR,-.001,2017/02/16,2017:038:14:23:38.7006770,2017:038:14:24:10.4706740,LGN,93.99,93.99,-1,4,0,0,0,9,LPGS_2.7.0,6.32076881,170.92287277,FINAL,OLI_TIRS_L1GT,OLI_TIRS,17401,17341,8701,8671,8701,8671,UTM,24,WGS84,WGS84,15,30,30,LO8BPF20170207092549_20170207150818.01,LT8BPF20170126100746_20170211131243.01,LC08CPF_20170101_20170331_01.01,LC08RLUT_20150303_20431231_01_12.h5,68°16'46.45"N,41°47'44.92"W,69°25'14.52"N,43°01'48.47"W,68°42'13.14"N,38°39'27.76"W,67°47'55.97"N,44°49'04.51"W,67°07'15.02"N,40°41'47.00"W,68.27957,-41.79581,69.4207,-43.03013,68.70365,-38.65771,67.79888,-44.81792,67.12084,-40.69639,LC08_L1GT_003012_20170207_20170216_01_T2,LC08_L1GT_003012_20170207_20170216_01_T2,https://earthexplorer.usgs.gov/browse-link/13400/LC80030122017038LGN00
LC08_L1GT_003015_20170207_20170216_01_T2,LC80030152017038LGN00,2017/02/07,T2,1, 003, 015,3, 015,NADIR,-.001,2017/02/16,2017:038:14:24:50.3229590,2017:038:14:25:22.0929560,LGN,100,100,-1,4,0,0,0,9,LPGS_2.7.0,10.00608399,167.09569688,FINAL,OLI_TIRS_L1GT,OLI_TIRS,16861,16741,8431,8371,8431,8371,UTM,23,WGS84,WGS84,15,30,30,LO8BPF20170207092549_20170207150818.01,LT8BPF20170126100746_20170211131243.01,LC08CPF_20170101_20170331_01.01,LC08RLUT_20150303_20431231_01_12.h5,64°13'30.86"N,45°54'52.99"W,65°20'25.94"N,47°06'22.61"W,64°43'10.67"N,43°18'37.40"W,63°41'10.00"N,48°25'42.74"W,63°05'28.86"N,44°49'44.87"W,64.22524,-45.91472,65.34054,-47.10628,64.71963,-43.31039,63.68611,-48.42854,63.09135,-44.82913,LC08_L1GT_003015_20170207_20170216_01_T2,LC08_L1GT_003015_20170207_20170216_01_T2,https://earthexplorer.usgs.gov/browse-link/13400/LC80030152017038LGN00
LC08_L1GT_003014_20170207_20170216_01_T2,LC80030142017038LGN00,2017/02/07,T2,1, 003, 014,3, 014,NADIR,-.001,2017/02/16,2017:038:14:24:26.4488650,2017:038:14:24:58.2188620,LGN,84.83,84.83,-1,4,0,0,0,9,LPGS_2.7.0,8.77884471,168.25512447,FINAL,OLI_TIRS_L1GT,OLI_TIRS,16821,16701,8411,8351,8411,8351,UTM,23,WGS84,WGS84,15,30,30,LO8BPF20170207092549_20170207150818.01,LT8BPF20170126100746_20170211131243.01,LC08CPF_20170101_20170331_01.01,LC08RLUT_20150303_20431231_01_12.h5,65°35'13.49"N,44°40'28.34"W,66°42'36.90"N,45°53'10.03"W,66°03'39.20"N,41°54'44.35"W,65°03'54.07"N,47°20'17.66"W,64°26'43.80"N,43°34'40.66"W,65.58708,-44.67454,66.71025,-45.88612,66.06089,-41.91232,65.06502,-47.33824,64.4455,-43.57796,LC08_L1GT_003014_20170207_20170216_01_T2,LC08_L1GT_003014_20170207_20170216_01_T2,https://earthexplorer.usgs.gov/browse-link/13400/LC80030142017038LGN00
LC08_L1TP_156019_20170207_20170216_01_T1,LC81560192017038LGN00,2017/02/07,T1,1, 156, 019,156, 019,NADIR,-.001,2017/02/16,2017:038:06:12:00.8852200,2017:038:06:12:32.6552180,LGN,3.57,3.57,25,4,8.238,5.801,5.849,9,LPGS_2.7.0,14.79227575,163.24200441,FINAL,OLI_TIRS_L1TP,OLI_TIRS,16521,16361,8261,8181,8261,8181,UTM,43,WGS84,WGS84,15,30,30,LO8BPF20170207060803_20170207065418.02,LT8BPF20170126100746_20170211131243.01,LC08CPF_20170101_20170331_01.01,LC08RLUT_20150303_20431231_01_12.h5,58°42'14.65"N,73°39'44.57"E,59°47'42.47"N,72°33'41.80"E,59°15'30.92"N,75°47'21.66"E,58°06'55.40"N,71°36'00.86"E,57°35'40.31"N,74°41'10.03"E,58.70407,73.66238,59.79513,72.56161,59.25859,75.78935,58.11539,71.60024,57.59453,74.68612,LC08_L1TP_156019_20170207_20170216_01_T1,LC08_L1TP_156019_20170207_20170216_01_T1,https://earthexplorer.usgs.gov/browse-link/13400/LC81560192017038LGN00
LC08_L1TP_156020_20170207_20170216_01_T2,LC81560202017038LGN00,2017/02/07,T2,1, 156, 020,156, 020,NADIR,-.001,2017/02/16,2017:038:06:12:24.7593150,2017:038:06:12:56.5293120,LGN,54.27,54.27,31,4,31.861,20.132,24.695,9,LPGS_2.7.0,16.00988986,162.40610001,FINAL,OLI_TIRS_L1TP,OLI_TIRS,16541,16401,8271,8201,8271,8201,UTM,43,WGS84,WGS84,15,30,30,LO8BPF20170207060803_20170207065418.02,LT8BPF20170126100746_20170211131243.01,LC08CPF_20170101_20170331_01.01,LC08RLUT_20150303_20431231_01_12.h5,57°18'35.71"N,72°49'53.11"E,58°23'46.14"N,71°45'20.84"E,57°52'33.74"N,74°51'55.87"E,56°42'42.19"N,70°51'25.45"E,56°12'19.44"N,73°50'08.77"E,57.30992,72.83142,58.39615,71.75579,57.87604,74.86552,56.71172,70.85707,56.2054,73.83577,LC08_L1TP_156020_20170207_20170216_01_T2,LC08_L1TP_156020_20170207_20170216_01_T2,https://earthexplorer.usgs.gov/browse-link/13400/LC81560202017038LGN00
LC08_L1GT_156118_20170207_20170216_01_T2,LC81561182017038LGN00,2017/02/07,T2,1, 156, 118,156, 118,NADIR,0,2017/02/16,2017:038:06:51:30.2111260,2017:038:06:52:01.9811230,LGN,0,0,-1,4,,,,9,LPGS_2.7.0,15.86109201,87.70582641,FINAL,OLI_TIRS_L1GT,OLI_TIRS,18021,17981,9011,8991,9011,8991,PS,,WGS84,WGS84,15,30,30,LO8BPF20170207060803_20170207065418.02,LT8BPF20170126100746_20170211131243.01,LC08CPF_20170101_20170331_01.01,LC08RLUT_20150303_20431231_01_12.h5,80°02'14.60"S,4°20'58.56"W,78°48'59.76"S,3°15'51.66"W,80°11'55.00"S,2°47'51.72"E,79°44'11.33"S,11°12'20.34"W,81°15'26.53"S,5°44'35.99"W,-80.03739,-4.3496,-78.8166,-3.26435,-80.19861,2.7977,-79.73648,-11.20565,-81.25737,-5.74333,LC08_L1GT_156118_20170207_20170216_01_T2,LC08_L1GT_156118_20170207_20170216_01_T2,https://earthexplorer.usgs.gov/browse-link/13400/LC81561182017038LGN00
LC08_L1TP_003054_20170207_20170216_01_T1,LC80030542017038LGN00,2017/02/07,T1,1, 003, 054,3, 054,NADIR,-.001,2017/02/16,2017:038:14:40:21.9760070,2017:038:14:40:53.7460050,LGN,16.72,16.72,189,4,7.885,5.56,5.591,9,LPGS_2.7.0,52.54989395,129.28711604,FINAL,OLI_TIRS_L1TP,OLI_TIRS,15561,15261,7781,7631,7781,7631,UTM,20,WGS84,WGS84,15,30,30,LO8BPF20170207092549_20170207150818.01,LT8BPF20170126100746_20170211131243.01,LC08CPF_20170101_20170331_01.01,LC08RLUT_20150303_20431231_01_12.h5,8°40'37.78"N,65°48'14.98"W,9°43'18.26"N,66°27'53.06"W,9°21'43.34"N,64°46'14.05"W,7°59'10.50"N,66°50'06.00"W,7°37'25.79"N,65°08'55.86"W,8.67716,-65.80416,9.72174,-66.46474,9.36204,-64.77057,7.98625,-66.835,7.62383,-65.14885,LC08_L1TP_003054_20170207_20170216_01_T1,LC08_L1TP_003054_20170207_20170216_01_T1,https://earthexplorer.usgs.gov/browse-link/13400/LC80030542017038LGN00
LC08_L1TP_003057_20170207_20170216_01_T1,LC80030572017038LGN00,2017/02/07,T1,1, 003, 057,3, 057,NADIR,-.001,2017/02/16,2017:038:14:41:33.7126610,2017:038:14:42:05.4826580,LGN,36.13,36.13,220,4,7.48,5.965,4.514,9,LPGS_2.7.0,54.63963569,123.98353441,FINAL,OLI_TIRS_L1TP,OLI_TIRS,15461,15141,7731,7571,7731,7571,UTM,19,WGS84,WGS84,15,30,30,LO8BPF20170207092549_20170207150818.01,LT8BPF20170126100746_20170211131243.01,LC08CPF_20170101_20170331_01.01,LC08RLUT_20150303_20431231_01_12.h5,4°20'20.26"N,66°43'57.65"W,5°23'01.21"N,67°23'14.71"W,5°01'30.32"N,65°42'33.19"W,3°38'52.58"N,67°45'19.15"W,3°17'10.97"N,66°04'51.96"W,4.33896,-66.73268,5.38367,-67.38742,5.02509,-65.70922,3.64794,-67.75532,3.28638,-66.0811,LC08_L1TP_003057_20170207_20170216_01_T1,LC08_L1TP_003057_20170207_20170216_01_T1,https://earthexplorer.usgs.gov/browse-link/13400/LC80030572017038LGN00
LC08_L1GT_003061_20170207_20170216_01_T2,LC80030612017038LGN00,2017/02/07,T2,1, 003, 061,3, 061,NADIR,-.001,2017/02/16,2017:038:14:43:09.3700050,2017:038:14:43:41.1400020,LGN,99.94,99.94,-1,4,0,0,0,9,LPGS_2.7.0,56.81943041,115.98602941,FINAL,OLI_TIRS_L1GT,OLI_TIRS,15481,15181,7741,7591,7741,7591,UTM,19,WGS84,WGS84,15,30,30,LO8BPF20170207092549_20170207150818.01,LT8BPF20170126100746_20170211131243.01,LC08CPF_20170101_20170331_01.01,LC08RLUT_20150303_20431231_01_12.h5,1°26'46.54"S,67°57'38.74"W,0°24'04.10"S,68°36'49.72"W,0°45'35.03"S,66°56'24.54"W,2°08'10.32"S,68°58'58.55"W,2°29'53.20"S,67°18'28.87"W,-1.44626,-67.96076,-.40114,-68.61381,-.75973,-66.94015,-2.1362,-68.98293,-2.49811,-67.30802,LC08_L1GT_003061_20170207_20170216_01_T2,LC08_L1GT_003061_20170207_20170216_01_T2,https://earthexplorer.usgs.gov/browse-link/13400/LC80030612017038LGN00
LC08_L1GT_003064_20170207_20170216_01_T2,LC80030642017038LGN00,2017/02/07,T2,1, 003, 064,3, 064,NADIR,-.001,2017/02/16,2017:038:14:44:21.1363100,2017:038:14:44:52.9063080,LGN,99.43,99.43,-1,4,0,0,0,9,LPGS_2.7.0,57.9208425,109.38973658,FINAL,OLI_TIRS_L1GT,OLI_TIRS,15481,15181,7741,7591,7741,7591,UTM,19,WGS84,WGS84,15,30,30,LO8BPF20170207092549_20170207150818.01,LT8BPF20170126100746_20170211131243.01,LC08CPF_20170101_20170331_01.01,LC08RLUT_20150303_20431231_01_12.h5,5°47'07.51"S,68°53'01.57"W,4°44'23.39"S,69°32'21.98"W,5°05'57.30"S,67°51'29.23"W,6°28'25.79"S,69°54'45.97"W,6°50'12.55"S,68°13'34.50"W,-5.78542,-68.88377,-4.73983,-69.53944,-5.09925,-67.85812,-6.47383,-69.91277,-6.83682,-68.22625,LC08_L1GT_003064_20170207_20170216_01_T2,LC08_L1GT_003064_20170207_20170216_01_T2,https://earthexplorer.usgs.gov/browse-link/13400/LC80030642017038LGN00
LC08_L1GT_003016_20170207_20170216_01_T2,LC80030162017038LGN00,2017/02/07,T2,1, 003, 016,3, 016,NADIR,-.001,2017/02/16,2017:038:14:25:14.2012890,2017:038:14:25:45.9712860,LGN,99.98,99.98,-1,4,0,0,0,9,LPGS_2.7.0,11.23205013,166.02637075,FINAL,OLI_TIRS_L1GT,OLI_TIRS,16881,16761,8441,8381,8441,8381,UTM,23,WGS84,WGS84,15,30,30,LO8BPF20170207092549_20170207150818.01,LT8BPF20170126100746_20170211131243.01,LC08CPF_20170101_20170331_01.01,LC08RLUT_20150303_20431231_01_12.h5,62°51'17.14"N,47°02'52.76"W,63°57'47.09"N,48°13'05.41"W,63°22'01.34"N,44°34'59.92"W,62°18'03.24"N,49°25'46.16"W,61°43'40.19"N,45°58'31.91"W,62.85476,-47.04799,63.96308,-48.21817,63.36704,-44.58331,62.3009,-49.42949,61.72783,-45.97553,LC08_L1GT_003016_20170207_20170216_01_T2,LC08_L1GT_003016_20170207_20170216_01_T2,https://earthexplorer.usgs.gov/browse-link/13400/LC80030162017038LGN00
LC08_L1GT_003065_20170207_20170216_01_T2,LC80030652017038LGN00,2017/02/07,T2,1, 003, 065,3, 065,NADIR,-.001,2017/02/16,2017:038:14:44:45.0527640,2017:038:14:45:16.8227610,LGN,100,100,-1,4,0,0,0,9,LPGS_2.7.0,58.17573308,107.10725219,FINAL,OLI_TIRS_L1GT,OLI_TIRS,15461,15181,7731,7591,7731,7591,UTM,19,WGS84,WGS84,15,30,30,LO8BPF20170207092549_20170207150818.01,LT8BPF20170126100746_20170211131243.01,LC08CPF_20170101_20170331_01.01,LC08RLUT_20150303_20431231_01_12.h5,7°13'51.38"S,69°11'35.12"W,6°11'06.90"S,69°51'01.40"W,6°32'42.43"S,68°09'51.55"W,7°55'07.50"S,70°13'32.77"W,8°16'56.21"S,68°31'59.38"W,-7.23094,-69.19309,-6.18525,-69.85039,-6.54512,-68.16432,-7.91875,-70.22577,-8.28228,-68.53316,LC08_L1GT_003065_20170207_20170216_01_T2,LC08_L1GT_003065_20170207_20170216_01_T2,https://earthexplorer.usgs.gov/browse-link/13400/LC80030652017038LGN00
LC08_L1GT_003068_20170207_20170216_01_T2,LC80030682017038LGN00,2017/02/07,T2,1, 003, 068,3, 068,NADIR,-.001,2017/02/16,2017:038:14:45:56.8317780,2017:038:14:46:28.6017750,LGN,100,100,-1,4,0,0,0,9,LPGS_2.7.0,58.58518353,100.11640804,FINAL,OLI_TIRS_L1GT,OLI_TIRS,15441,15181,7721,7591,7721,7591,UTM,19,WGS84,WGS84,15,30,30,LO8BPF20170207092549_20170207150818.01,LT8BPF20170126100746_20170211131243.01,LC08CPF_20170101_20170331_01.01,LC08RLUT_20150303_20431231_01_12.h5,11°34'02.71"S,70°07'49.40"W,10°31'15.85"S,70°47'41.96"W,10°52'58.12"S,69°05'16.98"W,12°15'10.19"S,71°10'43.07"W,12°37'06.64"S,69°27'39.53"W,-11.56742,-70.13039,-10.52107,-70.79499,-10.88281,-69.08805,-12.25283,-71.17863,-12.61851,-69.46098,LC08_L1GT_003068_20170207_20170216_01_T2,LC08_L1GT_003068_20170207_20170216_01_T2,https://earthexplorer.usgs.gov/browse-link/13400/LC80030682017038LGN00
LC08_L1GT_003067_20170207_20170216_01_T2,LC80030672017038LGN00,2017/02/07,T2,1, 003, 067,3, 067,NADIR,0,2017/02/16,2017:038:14:45:32.9110880,2017:038:14:46:04.6810850,LGN,100,100,-1,4,0,0,0,9,LPGS_2.7.0,58.50894587,102.46033975,FINAL,OLI_TIRS_L1GT,OLI_TIRS,15461,15181,7731,7591,7731,7591,UTM,19,WGS84,WGS84,15,30,30,LO8BPF20170207092549_20170207150818.01,LT8BPF20170126100746_20170211131243.01,LC08CPF_20170101_20170331_01.01,LC08RLUT_20150303_20431231_01_12.h5,10°07'21.58"S,69°48'58.43"W,9°04'35.47"S,70°28'40.91"W,9°26'15.14"S,68°46'45.01"W,10°48'32.18"S,70°51'30.82"W,11°10'25.75"S,69°09'01.48"W,-10.12266,-69.81623,-9.07652,-70.47803,-9.43754,-68.77917,-10.80894,-70.85856,-11.17382,-69.15041,LC08_L1GT_003067_20170207_20170216_01_T2,LC08_L1GT_003067_20170207_20170216_01_T2,https://earthexplorer.usgs.gov/browse-link/13400/LC80030672017038LGN00
LC08_L1TP_003056_20170207_20170216_01_T1,LC80030562017038LGN00,2017/02/07,T1,1, 003, 056,3, 056,NADIR,-.001,2017/02/16,2017:038:14:41:09.8004430,2017:038:14:41:41.5704400,LGN,3.01,3.01,323,4,6.533,5.381,3.705,9,LPGS_2.7.0,53.98252078,125.81919802,FINAL,OLI_TIRS_L1TP,OLI_TIRS,15441,15141,7721,7571,7721,7571,UTM,19,WGS84,WGS84,15,30,30,LO8BPF20170207092549_20170207150818.01,LT8BPF20170126100746_20170211131243.01,LC08CPF_20170101_20170331_01.01,LC08RLUT_20150303_20431231_01_12.h5,5°47'06.43"N,66°25'27.62"W,6°49'47.10"N,67°04'49.33"W,6°28'15.60"N,65°23'54.67"W,5°05'38.47"N,67°26'55.43"W,4°43'56.57"N,65°46'19.88"W,5.78512,-66.42434,6.82975,-67.08037,6.471,-65.39852,5.09402,-67.44873,4.73238,-65.77219,LC08_L1TP_003056_20170207_20170216_01_T1,LC08_L1TP_003056_20170207_20170216_01_T1,https://earthexplorer.usgs.gov/browse-link/13400/LC80030562017038LGN00
LC08_L1GT_003069_20170207_20170216_01_T2,LC80030692017038LGN00,2017/02/07,T2,1, 003, 069,3, 069,NADIR,-.001,2017/02/16,2017:038:14:46:20.7651760,2017:038:14:46:52.5351730,LGN,99.76,99.76,-1,4,0,0,0,9,LPGS_2.7.0,58.60060395,97.77002622,FINAL,OLI_TIRS_L1GT,OLI_TIRS,15421,15181,7711,7591,7711,7591,UTM,19,WGS84,WGS84,15,30,30,LO8BPF20170207092549_20170207150818.01,LT8BPF20170126100746_20170211131243.01,LC08CPF_20170101_20170331_01.01,LC08RLUT_20150303_20431231_01_12.h5,13°00'45.04"S,70°26'48.77"W,11°57'57.74"S,71°06'47.77"W,12°19'40.76"S,69°23'59.71"W,13°41'50.64"S,71°30'01.69"W,14°03'48.17"S,69°46'29.96"W,-13.01251,-70.44688,-11.96604,-71.11327,-12.32799,-69.39992,-13.6974,-71.50047,-14.06338,-69.77499,LC08_L1GT_003069_20170207_20170216_01_T2,LC08_L1GT_003069_20170207_20170216_01_T2,https://earthexplorer.usgs.gov/browse-link/13400/LC80030692017038LGN00
LC08_L1TP_156011_20170207_20170216_01_T1,LC81560112017038LGN00,2017/02/07,T1,1, 156, 011,156, 011,NADIR,-.001,2017/02/16,2017:038:06:08:49.8839970,2017:038:06:09:21.6539940,LGN,3,2.89,179,4,11.031,7.224,8.337,9,LPGS_2.7.0,4.98281134,172.48968861,FINAL,OLI_TIRS_L1TP,OLI_TIRS,17041,16921,8521,8461,8521,8461,UTM,44,WGS84,WGS84,15,30,30,LO8BPF20170207060803_20170207065418.02,LT8BPF20170126100746_20170211131243.01,LC08CPF_20170101_20170331_01.01,LC08RLUT_20150303_20431231_01_12.h5,69°36'22.90"N,83°29'44.45"E,70°45'32.08"N,82°15'09.61"E,69°59'52.37"N,86°52'06.42"E,69°09'10.84"N,80°14'52.76"E,68°26'12.77"N,84°35'32.53"E,69.60636,83.49568,70.75891,82.25267,69.99788,86.86845,69.15301,80.24799,68.43688,84.59237,LC08_L1TP_156011_20170207_20170216_01_T1,LC08_L1TP_156011_20170207_20170216_01_T1,https://earthexplorer.usgs.gov/browse-link/13400/LC81560112017038LGN00
LC08_L1TP_156017_20170207_20170216_01_T1,LC81560172017038LGN00,2017/02/07,T1,1, 156, 017,156, 017,NADIR,-.001,2017/02/16,2017:038:06:11:13.1327970,2017:038:06:11:44.9027940,LGN,23.26,23.26,121,4,9.347,5.922,7.231,9,LPGS_2.7.0,12.34973666,165.0506037,FINAL,OLI_TIRS_L1TP,OLI_TIRS,16461,16321,8231,8161,8231,8161,UTM,43,WGS84,WGS84,15,30,30,LO8BPF20170207060803_20170207065418.02,LT8BPF20170126100746_20170211131243.01,LC08CPF_20170101_20170331_01.01,LC08RLUT_20150303_20431231_01_12.h5,61°28'38.24"N,75°30'54.79"E,62°34'46.85"N,74°21'49.39"E,62°00'16.38"N,77°51'31.43"E,60°54'40.25"N,73°14'54.28"E,60°21'22.64"N,76°34'35.33"E,61.47729,75.51522,62.57968,74.36372,62.00455,77.85873,60.91118,73.24841,60.35629,76.57648,LC08_L1TP_156017_20170207_20170216_01_T1,LC08_L1TP_156017_20170207_20170216_01_T1,https://earthexplorer.usgs.gov/browse-link/13400/LC81560172017038LGN00
LC08_L1GT_003059_20170207_20170216_01_T2,LC80030592017038LGN00,2017/02/07,T2,1, 003, 059,3, 059,NADIR,-.001,2017/02/16,2017:038:14:42:21.5370970,2017:038:14:42:53.3070940,LGN,93.75,93.75,-1,4,0,0,0,9,LPGS_2.7.0,55.82382729,120.11185023,FINAL,OLI_TIRS_L1GT,OLI_TIRS,15481,15181,7741,7591,7741,7591,UTM,19,WGS84,WGS84,15,30,30,LO8BPF20170207092549_20170207150818.01,LT8BPF20170126100746_20170211131243.01,LC08CPF_20170101_20170331_01.01,LC08RLUT_20150303_20431231_01_12.h5,1°26'47.51"N,67°20'50.10"W,2°29'29.04"N,68°00'01.51"W,2°07'58.66"N,66°19'35.33"W,0°45'21.28"N,68°22'05.84"W,0°23'39.48"N,66°41'44.59"W,1.44653,-67.34725,2.4914,-68.00042,2.13296,-66.32648,.75591,-68.36829,.3943,-66.69572,LC08_L1GT_003059_20170207_20170216_01_T2,LC08_L1GT_003059_20170207_20170216_01_T2,https://earthexplorer.usgs.gov/browse-link/13400/LC80030592017038LGN00
LC08_L1GT_003060_20170207_20170216_01_T2,LC80030602017038LGN00,2017/02/07,T2,1, 003, 060,3, 060,NADIR,-.001,2017/02/16,2017:038:14:42:45.4535510,2017:038:14:43:17.2235480,LGN,92.51,92.51,-1,4,0,0,0,9,LPGS_2.7.0,56.34641648,118.07911272,FINAL,OLI_TIRS_L1GT,OLI_TIRS,15481,15161,7741,7581,7741,7581,UTM,19,WGS84,WGS84,15,30,30,LO8BPF20170207092549_20170207150818.01,LT8BPF20170126100746_20170211131243.01,LC08CPF_20170101_20170331_01.01,LC08RLUT_20150303_20431231_01_12.h5,0°00'00.18"N,67°39'14.36"W,1°02'42.29"N,68°18'24.98"W,0°41'11.76"N,66°38'01.25"W,0°41'24.79"S,68°40'30.94"W,1°03'06.98"S,67°00'07.38"W,.00005,-67.65399,1.04508,-68.30694,.6866,-66.63368,-.69022,-68.67526,-1.05194,-67.00205,LC08_L1GT_003060_20170207_20170216_01_T2,LC08_L1GT_003060_20170207_20170216_01_T2,https://earthexplorer.usgs.gov/browse-link/13400/LC80030602017038LGN00
LC08_L1GT_003062_20170207_20170216_01_T2,LC80030622017038LGN00,2017/02/07,T2,1, 003, 062,3, 062,NADIR,-.001,2017/02/16,2017:038:14:43:33.2949310,2017:038:14:44:05.0649280,LGN,96.64,96.64,-1,4,0,0,0,9,LPGS_2.7.0,57.24094808,113.83593835,FINAL,OLI_TIRS_L1GT,OLI_TIRS,15481,15181,7741,7591,7741,7591,UTM,19,WGS84,WGS84,15,30,30,LO8BPF20170207092549_20170207150818.01,LT8BPF20170126100746_20170211131243.01,LC08CPF_20170101_20170331_01.01,LC08RLUT_20150303_20431231_01_12.h5,2°53'34.80"S,68°16'04.33"W,1°50'51.86"S,68°55'17.18"W,2°12'23.47"S,67°14'46.61"W,3°34'57.14"S,69°17'29.80"W,3°56'41.06"S,67°36'49.97"W,-2.893,-68.26787,-1.84774,-68.92144,-2.20652,-67.24628,-3.58254,-69.29161,-3.94474,-67.61388,LC08_L1GT_003062_20170207_20170216_01_T2,LC08_L1GT_003062_20170207_20170216_01_T2,https://earthexplorer.usgs.gov/browse-link/13400/LC80030622017038LGN00
LC08_L1GT_003051_20170207_20170216_01_T2,LC80030512017038LGN00,2017/02/07,T2,1, 003, 051,3, 051,NADIR,-.001,2017/02/16,2017:038:14:39:10.2562980,2017:038:14:39:42.0262950,LGN,-1,9.81,-1,4,,,,9,LPGS_2.7.0,50.13928375,133.98891375,FINAL,OLI_TIRS_L1GT,OLI_TIRS,15581,15261,7791,7631,7791,7631,UTM,20,WGS84,WGS84,15,30,30,LO8BPF20170207092549_20170207150818.01,LT8BPF20170126100746_20170211131243.01,LC08CPF_20170101_20170331_01.01,LC08RLUT_20150303_20431231_01_12.h5,13°00'45.58"N,64°51'40.14"W,14°03'26.32"N,65°31'52.39"W,13°41'44.30"N,63°48'38.99"W,12°19'21.25"N,65°54'24.48"W,11°57'30.49"N,64°11'55.18"W,13.01266,-64.86115,14.05731,-65.53122,13.69564,-63.81083,12.32257,-65.9068,11.95847,-64.19866,LC08_L1GT_003051_20170207_20170216_01_T2,LC08_L1GT_003051_20170207_20170216_01_T2,https://earthexplorer.usgs.gov/browse-link/13400/LC80030512017038LGN00
LC08_L1TP_003018_20170207_20170216_01_T1,LC80030182017038LGN00,2017/02/07,T1,1, 003, 018,3, 018,NADIR,-.001,2017/02/16,2017:038:14:26:01.9494770,2017:038:14:26:33.7194740,LGN,26.98,68.81,22,4,6.44,5.213,3.78,9,LPGS_2.7.0,13.67803501,164.10052233,FINAL,OLI_TIRS_L1TP,OLI_TIRS,16201,16041,8101,8021,8101,8021,UTM,22,WGS84,WGS84,15,30,30,LO8BPF20170207092549_20170207150818.01,LT8BPF20170126100746_20170211131243.01,LC08CPF_20170101_20170331_01.01,LC08RLUT_20150303_20431231_01_12.h5,60°05'36.85"N,49°03'00.29"W,61°11'24.14"N,50°10'34.28"W,60°38'06.72"N,46°49'13.51"W,59°30'56.02"N,51°12'33.26"W,58°58'42.71"N,48°00'26.28"W,60.09357,-49.05008,61.19004,-50.17619,60.6352,-46.82042,59.51556,-51.20924,58.97853,-48.0073,LC08_L1TP_003018_20170207_20170216_01_T1,LC08_L1TP_003018_20170207_20170216_01_T1,https://earthexplorer.usgs.gov/browse-link/13400/LC80030182017038LGN00
LC08_L1TP_003047_20170207_20170216_01_T1,LC80030472017038LGN00,2017/02/07,T1,1, 003, 047,3, 047,NADIR,-.001,2017/02/16,2017:038:14:37:34.6540220,2017:038:14:38:06.4240190,LGN,33.32,11.25,48,4,7.488,4.947,5.621,9,LPGS_2.7.0,46.52250779,139.3964827,FINAL,OLI_TIRS_L1TP,OLI_TIRS,15561,15241,7781,7621,7781,7621,UTM,20,WGS84,WGS84,15,30,30,LO8BPF20170207092549_20170207150818.01,LT8BPF20170126100746_20170211131243.01,LC08CPF_20170101_20170331_01.01,LC08RLUT_20150303_20431231_01_12.h5,18°47'14.03"N,63°34'01.31"W,19°49'55.88"N,64°15'20.41"W,19°27'58.86"N,62°28'58.94"W,18°05'57.48"N,64°38'36.74"W,17°43'53.51"N,62°53'21.73"W,18.78723,-63.56703,19.83219,-64.25567,19.46635,-62.48304,18.0993,-64.64354,17.73153,-62.88937,LC08_L1TP_003047_20170207_20170216_01_T1,LC08_L1TP_003047_20170207_20170216_01_T1,https://earthexplorer.usgs.gov/browse-link/13400/LC80030472017038LGN00
LC08_L1GT_003049_20170207_20170216_01_T2,LC80030492017038LGN00,2017/02/07,T2,1, 003, 049,3, 049,NADIR,-.001,2017/02/16,2017:038:14:38:22.4488060,2017:038:14:38:54.2188030,LGN,8.81,46.5,-1,4,,,,9,LPGS_2.7.0,48.38202951,136.80859796,FINAL,OLI_TIRS_L1GT,OLI_TIRS,15561,15241,7781,7621,7781,7621,UTM,20,WGS84,WGS84,15,30,30,LO8BPF20170207092549_20170207150818.01,LT8BPF20170126100746_20170211131243.01,LC08CPF_20170101_20170331_01.01,LC08RLUT_20150303_20431231_01_12.h5,15°54'04.10"N,64°13'13.33"W,16°56'45.38"N,64°53'56.15"W,16°34'56.71"N,63°09'17.78"W,15°12'43.16"N,65°16'47.39"W,14°50'46.57"N,63°33'04.00"W,15.90114,-64.22037,16.94594,-64.89893,16.58242,-63.15494,15.21199,-65.27983,14.84627,-63.55111,LC08_L1GT_003049_20170207_20170216_01_T2,LC08_L1GT_003049_20170207_20170216_01_T2,https://earthexplorer.usgs.gov/browse-link/13400/LC80030492017038LGN00
LC08_L1TP_003052_20170207_20170216_01_T1,LC80030522017038LGN00,2017/02/07,T1,1, 003, 052,3, 052,NADIR,-.001,2017/02/16,2017:038:14:39:34.1642800,2017:038:14:40:05.9342770,LGN,24.27,28.29,20,4,6.389,5.034,3.935,9,LPGS_2.7.0,50.97497083,132.48638473,FINAL,OLI_TIRS_L1TP,OLI_TIRS,15581,15261,7791,7631,7791,7631,UTM,20,WGS84,WGS84,15,30,30,LO8BPF20170207092549_20170207150818.01,LT8BPF20170126100746_20170211131243.01,LC08CPF_20170101_20170331_01.01,LC08RLUT_20150303_20431231_01_12.h5,11°34'03.58"N,65°10'39.36"W,12°36'44.14"N,65°50'38.98"W,12°15'04.82"N,64°08'01.07"W,10°52'38.06"N,66°13'03.36"W,10°30'49.64"N,64°31'04.40"W,11.56766,-65.1776,12.61226,-65.84416,12.25134,-64.13363,10.87724,-66.2176,10.51379,-64.51789,LC08_L1TP_003052_20170207_20170216_01_T1,LC08_L1TP_003052_20170207_20170216_01_T1,https://earthexplorer.usgs.gov/browse-link/13400/LC80030522017038LGN00
LC08_L1TP_003053_20170207_20170216_01_T1,LC80030532017038LGN00,2017/02/07,T1,1, 003, 053,3, 053,NADIR,-.001,2017/02/16,2017:038:14:39:58.0722610,2017:038:14:40:29.8422590,LGN,22.99,15.85,168,4,7.753,5.441,5.523,9,LPGS_2.7.0,51.7792491,130.91955679,FINAL,OLI_TIRS_L1TP,OLI_TIRS,15561,15261,7781,7631,7781,7631,UTM,20,WGS84,WGS84,15,30,30,LO8BPF20170207092549_20170207150818.01,LT8BPF20170126100746_20170211131243.01,LC08CPF_20170101_20170331_01.01,LC08RLUT_20150303_20431231_01_12.h5,10°07'20.64"N,65°29'30.70"W,11°10'01.16"N,66°09'18.65"W,10°48'24.34"N,64°27'12.82"W,9°25'54.12"N,66°31'36.66"W,9°04'07.82"N,64°50'04.67"W,10.1224,-65.49186,11.16699,-66.15518,10.80676,-64.45356,9.4317,-66.52685,9.06884,-64.83463,LC08_L1TP_003053_20170207_20170216_01_T1,LC08_L1TP_003053_20170207_20170216_01_T1,https://earthexplorer.usgs.gov/browse-link/13400/LC80030532017038LGN00
LC08_L1TP_003017_20170207_20170216_01_T1,LC80030172017038LGN00,2017/02/07,T1,1, 003, 017,3, 017,NADIR,-.001,2017/02/16,2017:038:14:25:38.0711470,2017:038:14:26:09.8411440,LGN,96.94,91.7,120,4,8.474,5.826,6.153,9,LPGS_2.7.0,12.45579662,165.03241842,FINAL,OLI_TIRS_L1TP,OLI_TIRS,16181,16021,8091,8011,8091,8011,UTM,22,WGS84,WGS84,15,30,30,LO8BPF20170207092549_20170207150818.01,LT8BPF20170126100746_20170211131243.01,LC08CPF_20170101_20170331_01.01,LC08RLUT_20150303_20431231_01_12.h5,61°28'39.25"N,48°05'19.57"W,62°34'47.06"N,49°14'17.70"W,62°00'18.50"N,45°44'49.02"W,60°54'39.85"N,50°21'14.00"W,60°21'24.16"N,47°01'45.84"W,61.47757,-48.08877,62.57974,-49.23825,62.00514,-45.74695,60.91107,-50.35389,60.35671,-47.0294,LC08_L1TP_003017_20170207_20170216_01_T1,LC08_L1TP_003017_20170207_20170216_01_T1,https://earthexplorer.usgs.gov/browse-link/13400/LC80030172017038LGN00
LC08_L1TP_003055_20170207_20170216_01_T1,LC80030552017038LGN00,2017/02/07,T1,1, 003, 055,3, 055,NADIR,-.001,2017/02/16,2017:038:14:40:45.8882250,2017:038:14:41:17.6582230,LGN,6.67,6.67,185,4,7.109,5.554,4.438,9,LPGS_2.7.0,53.28518766,127.58701467,FINAL,OLI_TIRS_L1TP,OLI_TIRS,15441,15121,7721,7561,7721,7561,UTM,19,WGS84,WGS84,15,30,30,LO8BPF20170207092549_20170207150818.01,LT8BPF20170126100746_20170211131243.01,LC08CPF_20170101_20170331_01.01,LC08RLUT_20150303_20431231_01_12.h5,7°13'52.28"N,66°06'53.71"W,8°16'33.02"N,66°46'23.45"W,7°54'59.80"N,65°05'07.73"W,6°32'24.68"N,67°08'32.32"W,6°10'41.34"N,65°27'40.54"W,7.23119,-66.11492,8.27584,-66.77318,7.91661,-65.08548,6.54019,-67.14231,6.17815,-65.46126,LC08_L1TP_003055_20170207_20170216_01_T1,LC08_L1TP_003055_20170207_20170216_01_T1,https://earthexplorer.usgs.gov/browse-link/13400/LC80030552017038LGN00
LC08_L1TP_003058_20170207_20170216_01_T1,LC80030582017038LGN00,2017/02/07,T1,1, 003, 058,3, 058,NADIR,-.001,2017/02/16,2017:038:14:41:57.6206430,2017:038:14:42:29.3906400,LGN,81.53,81.53,42,4,11.173,8.262,7.522,9,LPGS_2.7.0,55.25410496,122.08093799,FINAL,OLI_TIRS_L1TP,OLI_TIRS,15481,15161,7741,7581,7741,7581,UTM,19,WGS84,WGS84,15,30,30,LO8BPF20170207092549_20170207150818.01,LT8BPF20170126100746_20170211131243.01,LC08CPF_20170101_20170331_01.01,LC08RLUT_20150303_20431231_01_12.h5,2°53'34.69"N,67°02'24.58"W,3°56'16.15"N,67°41'38.54"W,3°34'45.52"N,66°01'05.99"W,2°12'07.81"N,68°03'42.34"W,1°50'26.12"N,66°23'19.39"W,2.89297,-67.04016,3.93782,-67.69404,3.57931,-66.01833,2.20217,-68.06176,1.84059,-66.38872,LC08_L1TP_003058_20170207_20170216_01_T1,LC08_L1TP_003058_20170207_20170216_01_T1,https://earthexplorer.usgs.gov/browse-link/13400/LC80030582017038LGN00
LC08_L1GT_172118_20170207_20170216_01_T2,LC81721182017038LGN00,2017/02/07,T2,1, 172, 118,172, 118,NADIR,0,2017/02/16,2017:038:08:30:23.2157400,2017:038:08:30:54.9857370,LGN,.3,.3,-1,4,,,,9,LPGS_2.7.0,15.83928719,87.7060113,FINAL,OLI_TIRS_L1GT,OLI_TIRS,17101,17201,8551,8601,8551,8601,PS,,WGS84,WGS84,15,30,30,LO8BPF20170207074656_20170207083311.02,LT8BPF20170126100746_20170211131243.01,LC08CPF_20170101_20170331_01.01,LC08RLUT_20150303_20431231_01_12.h5,80°02'10.36"S,29°04'24.64"W,78°48'55.87"S,27°59'16.04"W,80°11'50.78"S,21°55'39.07"W,79°44'07.30"S,35°55'43.14"W,81°15'22.00"S,30°28'04.98"W,-80.03621,-29.07351,-78.81552,-27.98779,-80.19744,-21.92752,-79.73536,-35.92865,-81.25611,-30.46805,LC08_L1GT_172118_20170207_20170216_01_T2,LC08_L1GT_172118_20170207_20170216_01_T2,https://earthexplorer.usgs.gov/browse-link/13400/LC81721182017038LGN00
LC08_L1GT_172109_20170207_20170216_01_T2,LC81721092017038LGN00,2017/02/07,T2,1, 172, 109,172, 109,NADIR,0,2017/02/16,2017:038:08:26:47.2094110,2017:038:08:27:18.9794080,LGN,32.98,57.31,-1,4,,,,9,LPGS_2.7.0,26.60554635,59.61421186,FINAL,OLI_TIRS_L1GT,OLI_TIRS,17781,17861,8891,8931,8891,8931,PS,,WGS84,WGS84,15,30,30,LO8BPF20170207074656_20170207083311.02,LT8BPF20170126100746_20170211131243.01,LC08CPF_20170101_20170331_01.01,LC08RLUT_20150303_20431231_01_12.h5,69°36'23.11"S,3°42'20.30"E,68°26'28.93"S,2°32'50.17"E,69°10'06.71"S,6°59'17.38"E,69°59'18.10"S,0°17'26.41"E,70°46'01.02"S,5°00'01.15"E,-69.60642,3.70564,-68.44137,2.54727,-69.16853,6.98816,-69.98836,.29067,-70.76695,5.00032,LC08_L1GT_172109_20170207_20170216_01_T2,LC08_L1GT_172109_20170207_20170216_01_T2,https://earthexplorer.usgs.gov/browse-link/13400/LC81721092017038LGN00
LC08_L1GT_172112_20170207_20170216_01_T2,LC81721122017038LGN00,2017/02/07,T2,1, 172, 112,172, 112,NADIR,0,2017/02/16,2017:038:08:27:59.1197400,2017:038:08:28:30.8897380,LGN,52.5,52.5,-1,4,,,,9,LPGS_2.7.0,23.06128039,64.33705284,FINAL,OLI_TIRS_L1GT,OLI_TIRS,17521,17581,8761,8791,8761,8791,PS,,WGS84,WGS84,15,30,30,LO8BPF20170207074656_20170207083311.02,LT8BPF20170126100746_20170211131243.01,LC08CPF_20170101_20170331_01.01,LC08RLUT_20150303_20431231_01_12.h5,73°28'18.95"S,2°46'58.91"W,72°16'20.86"S,3°48'25.06"W,73°08'25.58"S,1°21'45.68"E,73°43'35.22"S,7°04'52.00"W,74°40'10.60"S,1°36'07.99"W,-73.47193,-2.78303,-72.27246,-3.80696,-73.14044,1.36269,-73.72645,-7.08111,-74.66961,-1.60222,LC08_L1GT_172112_20170207_20170216_01_T2,LC08_L1GT_172112_20170207_20170216_01_T2,https://earthexplorer.usgs.gov/browse-link/13400/LC81721122017038LGN00
LC08_L1TP_156043_20170207_20170216_01_T1,LC81560432017038LGN00,2017/02/07,T1,1, 156, 043,156, 043,NADIR,-.001,2017/02/16,2017:038:06:21:34.1388150,2017:038:06:22:05.9088120,LGN,24.82,17.57,243,4,7.494,5.361,5.235,9,LPGS_2.7.0,42.46027376,144.04855239,FINAL,OLI_TIRS_L1TP,OLI_TIRS,15681,15381,7841,7691,7841,7691,UTM,41,WGS84,WGS84,15,30,30,LO8BPF20170207060803_20170207065418.02,LT8BPF20170126100746_20170211131243.01,LC08CPF_20170101_20170331_01.01,LC08RLUT_20150303_20431231_01_12.h5,24°33'10.22"N,61°23'43.19"E,25°35'54.89"N,60°40'53.58"E,25°13'36.30"N,62°31'37.09"E,23°52'05.84"N,60°16'27.73"E,23°29'42.68"N,62°05'39.16"E,24.55284,61.39533,25.59858,60.68155,25.22675,62.52697,23.86829,60.27437,23.49519,62.09421,LC08_L1TP_156043_20170207_20170216_01_T1,LC08_L1TP_156043_20170207_20170216_01_T1,https://earthexplorer.usgs.gov/browse-link/13400/LC81560432017038LGN00
LC08_L1TP_003025_20170207_20170216_01_T1,LC80030252017038LGN00,2017/02/07,T1,1, 003, 025,3, 025,NADIR,-.001,2017/02/16,2017:038:14:28:49.0935500,2017:038:14:29:20.8635470,LGN,90.82,88.65,63,4,8.911,6.604,5.983,9,LPGS_2.7.0,22.15535257,158.59057958,FINAL,OLI_TIRS_L1TP,OLI_TIRS,15661,15441,7831,7721,7831,7721,UTM,21,WGS84,WGS84,15,30,30,LO8BPF20170207092549_20170207150818.01,LT8BPF20170126100746_20170211131243.01,LC08CPF_20170101_20170331_01.01,LC08RLUT_20150303_20431231_01_12.h5,50°16'52.61"N,54°14'26.27"W,51°20'57.66"N,55°12'01.15"W,50°53'27.10"N,52°33'39.85"W,49°38'50.82"N,55°52'47.14"W,49°11'45.89"N,53°19'49.01"W,50.28128,-54.24063,51.34935,-55.20032,50.89086,-52.56107,49.64745,-55.87976,49.19608,-53.33028,LC08_L1TP_003025_20170207_20170216_01_T1,LC08_L1TP_003025_20170207_20170216_01_T1,https://earthexplorer.usgs.gov/browse-link/13400/LC80030252017038LGN00
LC08_L1GT_003063_20170207_20170216_01_T2,LC80030632017038LGN00,2017/02/07,T2,1, 003, 063,3, 063,NADIR,-.001,2017/02/16,2017:038:14:43:57.2156200,2017:038:14:44:28.9856180,LGN,99.98,99.98,-1,4,0,0,0,9,LPGS_2.7.0,57.6086819,111.63520955,FINAL,OLI_TIRS_L1GT,OLI_TIRS,15481,15181,7741,7591,7741,7591,UTM,19,WGS84,WGS84,15,30,30,LO8BPF20170207092549_20170207150818.01,LT8BPF20170126100746_20170211131243.01,LC08CPF_20170101_20170331_01.01,LC08RLUT_20150303_20431231_01_12.h5,4°20'21.52"S,68°34'31.55"W,3°17'38.08"S,69°13'47.50"W,3°39'10.69"S,67°33'07.78"W,5°01'42.02"S,69°36'05.26"W,5°23'27.20"S,67°55'11.57"W,-4.33931,-68.57543,-3.29391,-69.22986,-3.65297,-67.55216,-5.02834,-69.60146,-5.39089,-67.91988,LC08_L1GT_003063_20170207_20170216_01_T2,LC08_L1GT_003063_20170207_20170216_01_T2,https://earthexplorer.usgs.gov/browse-link/13400/LC80030632017038LGN00
LC08_L1TP_156040_20170207_20170216_01_T1,LC81560402017038LGN00,2017/02/07,T1,1, 156, 040,156, 040,NADIR,-.001,2017/02/16,2017:038:06:20:22.4529930,2017:038:06:20:54.2229900,LGN,89.86,89.86,36,4,8.264,4.796,6.73,9,LPGS_2.7.0,39.29316415,147.01017545,FINAL,OLI_TIRS_L1TP,OLI_TIRS,15621,15341,7811,7671,7811,7671,UTM,41,WGS84,WGS84,15,30,30,LO8BPF20170207060803_20170207065418.02,LT8BPF20170126100746_20170211131243.01,LC08CPF_20170101_20170331_01.01,LC08RLUT_20150303_20431231_01_12.h5,28°52'09.05"N,62°28'17.26"E,29°54'57.42"N,61°44'02.00"E,29°32'16.51"N,63°39'00.61"E,28°11'17.56"N,61°18'22.68"E,27°48'34.42"N,63°11'26.70"E,28.86918,62.47146,29.91595,61.73389,29.53792,63.65017,28.18821,61.3063,27.80956,63.19075,LC08_L1TP_156040_20170207_20170216_01_T1,LC08_L1TP_156040_20170207_20170216_01_T1,https://earthexplorer.usgs.gov/browse-link/13400/LC81560402017038LGN00
LC08_L1GT_172116_20170207_20170216_01_T2,LC81721162017038LGN00,2017/02/07,T2,1, 172, 116,172, 116,NADIR,0,2017/02/16,2017:038:08:29:35.2472800,2017:038:08:30:07.0172770,LGN,6.34,6.34,-1,4,,,,9,LPGS_2.7.0,18.25815096,76.83201872,FINAL,OLI_TIRS_L1GT,OLI_TIRS,17221,17301,8611,8651,8611,8651,PS,,WGS84,WGS84,15,30,30,LO8BPF20170207074656_20170207083311.02,LT8BPF20170126100746_20170211131243.01,LC08CPF_20170101_20170331_01.01,LC08RLUT_20150303_20431231_01_12.h5,78°08'35.45"S,17°18'40.18"W,76°54'24.05"S,17°26'18.17"W,78°04'33.42"S,11°19'03.61"W,78°05'27.20"S,23°19'48.65"W,79°23'00.67"S,17°09'27.94"W,-78.14318,-17.31116,-76.90668,-17.43838,-78.07595,-11.31767,-78.09089,-23.33018,-79.38352,-17.15776,LC08_L1GT_172116_20170207_20170216_01_T2,LC08_L1GT_172116_20170207_20170216_01_T2,https://earthexplorer.usgs.gov/browse-link/13400/LC81721162017038LGN00
LC08_L1GT_172120_20170207_20170216_01_T2,LC81721202017038LGN00,2017/02/07,T2,1, 172, 120,172, 120,NADIR,0,2017/02/16,2017:038:08:31:11.1842000,2017:038:08:31:42.9541970,LGN,.01,.01,-1,4,,,,9,LPGS_2.7.0,13.40865072,103.01953003,FINAL,OLI_TIRS_L1GT,OLI_TIRS,16981,17101,8491,8551,8491,8551,PS,,WGS84,WGS84,15,30,30,LO8BPF20170207074656_20170207083311.02,LT8BPF20170126100746_20170211131243.01,LC08CPF_20170101_20170331_01.01,LC08RLUT_20150303_20431231_01_12.h5,81°22'06.53"S,45°11'52.62"W,80°14'10.54"S,42°04'41.59"W,81°50'45.53"S,37°22'29.82"W,80°45'17.42"S,52°08'31.45"W,82°28'15.85"S,49°15'17.68"W,-81.36848,-45.19795,-80.23626,-42.07822,-81.84598,-37.37495,-80.75484,-52.14207,-82.47107,-49.25491,LC08_L1GT_172120_20170207_20170216_01_T2,LC08_L1GT_172120_20170207_20170216_01_T2,https://earthexplorer.usgs.gov/browse-link/13400/LC81721202017038LGN00
LC08_L1TP_156013_20170207_20170216_01_T1,LC81560132017038LGN00,2017/02/07,T1,1, 156, 013,156, 013,NADIR,-.001,2017/02/16,2017:038:06:09:37.6321850,2017:038:06:10:09.4021820,LGN,2.24,2.23,124,4,10.241,6.77,7.684,9,LPGS_2.7.0,7.44317123,169.53500653,FINAL,OLI_TIRS_L1TP,OLI_TIRS,17061,16981,8531,8491,8531,8491,UTM,44,WGS84,WGS84,15,30,30,LO8BPF20170207060803_20170207065418.02,LT8BPF20170126100746_20170211131243.01,LC08CPF_20170101_20170331_01.01,LC08RLUT_20150303_20431231_01_12.h5,66°56'20.76"N,80°17'40.45"E,68°04'18.44"N,79°03'34.02"E,67°23'17.16"N,83°14'27.53"E,66°26'16.40"N,77°27'19.19"E,65°47'18.20"N,81°24'15.55"E,66.9391,80.29457,68.07179,79.05945,67.3881,83.24098,66.43789,77.45533,65.78839,81.40432,LC08_L1TP_156013_20170207_20170216_01_T1,LC08_L1TP_156013_20170207_20170216_01_T1,https://earthexplorer.usgs.gov/browse-link/13400/LC81560132017038LGN00
LC08_L1GT_003066_20170207_20170216_01_T2,LC80030662017038LGN00,2017/02/07,T2,1, 003, 066,3, 066,NADIR,-.001,2017/02/16,2017:038:14:45:08.9776900,2017:038:14:45:40.7476870,LGN,100,100,-1,4,0,0,0,9,LPGS_2.7.0,58.37215863,104.79450274,FINAL,OLI_TIRS_L1GT,OLI_TIRS,15461,15201,7731,7601,7731,7601,UTM,19,WGS84,WGS84,15,30,30,LO8BPF20170207092549_20170207150818.01,LT8BPF20170126100746_20170211131243.01,LC08CPF_20170101_20170331_01.01,LC08RLUT_20150303_20431231_01_12.h5,8°40'36.12"S,69°30'13.72"W,7°37'50.81"S,70°09'47.45"W,7°59'28.25"S,68°28'16.54"W,9°21'49.72"S,70°32'27.46"W,9°43'40.66"S,68°50'28.07"W,-8.6767,-69.50381,-7.63078,-70.16318,-7.99118,-68.47126,-9.36381,-70.54096,-9.72796,-68.84113,LC08_L1GT_003066_20170207_20170216_01_T2,LC08_L1GT_003066_20170207_20170216_01_T2,https://earthexplorer.usgs.gov/browse-link/13400/LC80030662017038LGN00
LC08_L1TP_156026_20170207_20170216_01_T1,LC81560262017038LGN00,2017/02/07,T1,1, 156, 026,156, 026,NADIR,-.001,2017/02/16,2017:038:06:14:48.0377660,2017:038:06:15:19.8077630,LGN,2.74,2.74,37,4,9.203,6.119,6.875,9,LPGS_2.7.0,23.2490275,157.9095672,FINAL,OLI_TIRS_L1TP,OLI_TIRS,15961,15761,7981,7881,7981,7881,UTM,42,WGS84,WGS84,15,30,30,LO8BPF20170207060803_20170207065418.02,LT8BPF20170126100746_20170211131243.01,LC08CPF_20170101_20170331_01.01,LC08RLUT_20150303_20431231_01_12.h5,48°51'58.64"N,68°46'31.55"E,49°55'53.83"N,67°50'11.22"E,49°28'56.78"N,70°24'01.98"E,48°13'37.60"N,67°11'16.01"E,47°47'02.72"N,69°40'06.24"E,48.86629,68.77543,49.93162,67.83645,49.48244,70.40055,48.22711,67.18778,47.78409,69.6684,LC08_L1TP_156026_20170207_20170216_01_T1,LC08_L1TP_156026_20170207_20170216_01_T1,https://earthexplorer.usgs.gov/browse-link/13400/LC81560262017038LGN00
LC08_L1TP_156012_20170207_20170216_01_T1,LC81560122017038LGN00,2017/02/07,T1,1, 156, 012,156, 012,NADIR,-.001,2017/02/16,2017:038:06:09:13.7580910,2017:038:06:09:45.5280880,LGN,1.32,1.32,193,4,10.08,6.757,7.48,9,LPGS_2.7.0,6.21336467,170.93279891,FINAL,OLI_TIRS_L1TP,OLI_TIRS,17041,16941,8521,8471,8521,8471,UTM,44,WGS84,WGS84,15,30,30,LO8BPF20170207060803_20170207065418.02,LT8BPF20170126100746_20170211131243.01,LC08CPF_20170101_20170331_01.01,LC08RLUT_20150303_20431231_01_12.h5,68°16'46.74"N,81°48'26.96"E,69°25'18.52"N,80°33'48.06"E,68°42'06.77"N,84°57'14.69"E,67°48'02.05"N,78°46'37.78"E,67°07'11.17"N,82°54'57.82"E,68.27965,81.80749,69.42181,80.56335,68.70188,84.95408,67.80057,78.77716,67.11977,82.91606,LC08_L1TP_156012_20170207_20170216_01_T1,LC08_L1TP_156012_20170207_20170216_01_T1,https://earthexplorer.usgs.gov/browse-link/13400/LC81560122017038LGN00
LC08_L1TP_003070_20170207_20170216_01_T1,LC80030702017038LGN00,2017/02/07,T1,1, 003, 070,3, 070,NADIR,-.001,2017/02/16,2017:038:14:46:44.6943380,2017:038:14:47:16.4643350,LGN,91.54,91.54,39,4,7.864,4.504,6.447,9,LPGS_2.7.0,58.55507784,95.43294754,FINAL,OLI_TIRS_L1TP,OLI_TIRS,15421,15161,7711,7581,7711,7581,UTM,19,WGS84,WGS84,15,30,30,LO8BPF20170207092549_20170207150818.01,LT8BPF20170126100746_20170211131243.01,LC08CPF_20170101_20170331_01.01,LC08RLUT_20150303_20431231_01_12.h5,14°27'24.66"S,70°45'56.92"W,13°24'37.80"S,71°25'56.89"W,13°46'19.06"S,69°42'55.04"W,15°08'30.37"S,71°49'25.28"W,15°30'26.53"S,70°05'34.62"W,-14.45685,-70.76581,-13.4105,-71.43247,-13.77196,-69.71529,-15.14177,-71.82369,-15.50737,-70.09295,LC08_L1TP_003070_20170207_20170216_01_T1,LC08_L1TP_003070_20170207_20170216_01_T1,https://earthexplorer.usgs.gov/browse-link/13400/LC80030702017038LGN00
LC08_L1GT_156022_20170207_20170216_01_T2,LC81560222017038LGN00,2017/02/07,T2,1, 156, 022,156, 022,NADIR,-.001,2017/02/16,2017:038:06:13:12.5202100,2017:038:06:13:44.2902080,LGN,86.39,86.39,-1,4,0,0,0,9,LPGS_2.7.0,18.43720374,160.83128964,FINAL,OLI_TIRS_L1GT,OLI_TIRS,15841,15661,7921,7831,7921,7831,UTM,42,WGS84,WGS84,15,30,30,LO8BPF20170207060803_20170207065418.02,LT8BPF20170126100746_20170211131243.01,LC08CPF_20170101_20170331_01.01,LC08RLUT_20150303_20431231_01_12.h5,54°30'30.31"N,71°19'22.48"E,55°35'10.46"N,70°17'46.07"E,55°05'39.98"N,73°11'44.66"E,53°53'37.82"N,69°30'03.85"E,53°24'45.68"N,72°17'18.56"E,54.50842,71.32291,55.58624,70.29613,55.09444,73.19574,53.89384,69.50107,53.41269,72.28849,LC08_L1GT_156022_20170207_20170216_01_T2,LC08_L1GT_156022_20170207_20170216_01_T2,https://earthexplorer.usgs.gov/browse-link/13400/LC81560222017038LGN00
LC08_L1GT_156023_20170207_20170216_01_T2,LC81560232017038LGN00,2017/02/07,T2,1, 156, 023,156, 023,NADIR,-.001,2017/02/16,2017:038:06:13:36.3985400,2017:038:06:14:08.1685380,LGN,78.17,78.17,-1,4,0,0,0,9,LPGS_2.7.0,19.64590927,160.08005473,FINAL,OLI_TIRS_L1GT,OLI_TIRS,15901,15681,7951,7841,7951,7841,UTM,42,WGS84,WGS84,15,30,30,LO8BPF20170207060803_20170207065418.02,LT8BPF20170126100746_20170211131243.01,LC08CPF_20170101_20170331_01.01,LC08RLUT_20150303_20431231_01_12.h5,53°06'08.60"N,70°38'02.76"E,54°10'35.76"N,69°37'49.94"E,53°41'49.16"N,72°26'12.41"E,52°28'50.81"N,68°52'42.82"E,52°00'37.80"N,71°34'50.84"E,53.10239,70.6341,54.1766,69.63054,53.69699,72.43678,52.48078,68.87856,52.0105,71.58079,LC08_L1GT_156023_20170207_20170216_01_T2,LC08_L1GT_156023_20170207_20170216_01_T2,https://earthexplorer.usgs.gov/browse-link/13400/LC81560232017038LGN00
LC08_L1GT_156025_20170207_20170216_01_T2,LC81560252017038LGN00,2017/02/07,T2,1, 156, 025,156, 025,NADIR,-.001,2017/02/16,2017:038:06:14:24.1594360,2017:038:06:14:55.9294330,LGN,4.7,4.7,-1,4,0,0,0,9,LPGS_2.7.0,22.05225227,158.62352292,FINAL,OLI_TIRS_L1GT,OLI_TIRS,15941,15741,7971,7871,7971,7871,UTM,42,WGS84,WGS84,15,30,30,LO8BPF20170207060803_20170207065418.02,LT8BPF20170126100746_20170211131243.01,LC08CPF_20170101_20170331_01.01,LC08RLUT_20150303_20431231_01_12.h5,50°16'51.42"N,69°21'50.44"E,51°20'56.22"N,68°24'15.41"E,50°53'25.80"N,71°02'36.67"E,49°38'49.56"N,67°43'29.71"E,49°11'44.74"N,70°16'27.88"E,50.28095,69.36401,51.34895,68.40428,50.8905,71.04352,49.6471,67.72492,49.19576,70.27441,LC08_L1GT_156025_20170207_20170216_01_T2,LC08_L1GT_156025_20170207_20170216_01_T2,https://earthexplorer.usgs.gov/browse-link/13400/LC81560252017038LGN00
LC08_L1TP_156016_20170207_20170216_01_T2,LC81560162017038LGN00,2017/02/07,T2,1, 156, 016,156, 016,NADIR,-.001,2017/02/16,2017:038:06:10:49.2587030,2017:038:06:11:21.0287000,LGN,3.44,3.44,59,4,12.952,8.545,9.734,9,LPGS_2.7.0,11.12546295,166.04297759,FINAL,OLI_TIRS_L1TP,OLI_TIRS,16461,16301,8231,8151,8231,8151,UTM,43,WGS84,WGS84,15,30,30,LO8BPF20170207060803_20170207065418.02,LT8BPF20170126100746_20170211131243.01,LC08CPF_20170101_20170331_01.01,LC08RLUT_20150303_20431231_01_12.h5,62°51'17.21"N,76°33'21.60"E,63°57'49.21"N,75°22'47.86"E,63°21'57.17"N,79°01'33.46"E,62°18'07.16"N,74°10'10.24"E,61°43'38.03"N,77°38'02.94"E,62.85478,76.556,63.96367,75.37996,63.36588,79.02596,62.30199,74.16951,61.72723,77.63415,LC08_L1TP_156016_20170207_20170216_01_T2,LC08_L1TP_156016_20170207_20170216_01_T2,https://earthexplorer.usgs.gov/browse-link/13400/LC81560162017038LGN00
LC08_L1TP_156031_20170207_20170216_01_T1,LC81560312017038LGN00,2017/02/07,T1,1, 156, 031,156, 031,NADIR,-.001,2017/02/16,2017:038:06:16:47.4548320,2017:038:06:17:19.2248290,LGN,57.62,57.62,244,4,7.392,5.419,5.028,9,LPGS_2.7.0,29.15505139,154.33799459,FINAL,OLI_TIRS_L1TP,OLI_TIRS,16061,15841,8031,7921,8031,7921,UTM,42,WGS84,WGS84,15,30,30,LO8BPF20170207060803_20170207065418.02,LT8BPF20170126100746_20170211131243.01,LC08CPF_20170101_20170331_01.01,LC08RLUT_20150303_20431231_01_12.h5,41°45'33.95"N,66°11'08.27"E,42°48'53.71"N,65°20'07.58"E,42°24'03.46"N,67°35'48.66"E,41°05'59.35"N,64°48'01.87"E,40°41'18.78"N,67°00'10.66"E,41.75943,66.18563,42.81492,65.33544,42.40096,67.59685,41.09982,64.80052,40.68855,67.00296,LC08_L1TP_156031_20170207_20170216_01_T1,LC08_L1TP_156031_20170207_20170216_01_T1,https://earthexplorer.usgs.gov/browse-link/13400/LC81560312017038LGN00
LC08_L1TP_156038_20170207_20170216_01_T1,LC81560382017038LGN00,2017/02/07,T1,1, 156, 038,156, 038,NADIR,-.001,2017/02/16,2017:038:06:19:34.6666810,2017:038:06:20:06.4366780,LGN,87.21,87.21,87,4,9.556,6.546,6.962,9,LPGS_2.7.0,37.11279012,148.81084353,FINAL,OLI_TIRS_L1TP,OLI_TIRS,15581,15301,7791,7651,7791,7651,UTM,41,WGS84,WGS84,15,30,30,LO8BPF20170207060803_20170207065418.02,LT8BPF20170126100746_20170211131243.01,LC08CPF_20170101_20170331_01.01,LC08RLUT_20150303_20431231_01_12.h5,31°44'31.78"N,63°13'29.53"E,32°47'24.79"N,62°27'59.62"E,32°24'22.39"N,64°26'36.20"E,31°03'53.35"N,62°01'19.63"E,30°40'50.52"N,63°57'44.28"E,31.74216,63.22487,32.79022,62.46656,32.40622,64.44339,31.06482,62.02212,30.6807,63.9623,LC08_L1TP_156038_20170207_20170216_01_T1,LC08_L1TP_156038_20170207_20170216_01_T1,https://earthexplorer.usgs.gov/browse-link/13400/LC81560382017038LGN00
LC08_L1GT_172115_20170207_20170216_01_T2,LC81721152017038LGN00,2017/02/07,T2,1, 172, 115,172, 115,NADIR,0,2017/02/16,2017:038:08:29:11.0046540,2017:038:08:29:42.7746510,LGN,0,0,-1,4,,,,9,LPGS_2.7.0,19.47549752,72.72358216,FINAL,OLI_TIRS_L1GT,OLI_TIRS,17281,17381,8641,8691,8641,8691,PS,,WGS84,WGS84,15,30,30,LO8BPF20170207074656_20170207083311.02,LT8BPF20170126100746_20170211131243.01,LC08CPF_20170101_20170331_01.01,LC08RLUT_20150303_20431231_01_12.h5,77°02'52.94"S,12°43'22.15"W,75°49'00.05"S,13°12'57.46"W,76°53'40.16"S,7°16'48.18"W,77°05'38.80"S,18°15'45.61"W,78°16'56.28"S,12°07'44.51"W,-77.04804,-12.72282,-75.81668,-13.21596,-76.89449,-7.28005,-77.09411,-18.26267,-78.2823,-12.12903,LC08_L1GT_172115_20170207_20170216_01_T2,LC08_L1GT_172115_20170207_20170216_01_T2,https://earthexplorer.usgs.gov/browse-link/13400/LC81721152017038LGN00
LC08_L1GT_003111_20170207_20170216_01_T2,LC80031112017038LGN00,2017/02/07,T2,1, 003, 111,3, 111,NADIR,0,2017/02/16,2017:038:15:03:06.9548720,2017:038:15:03:38.7248700,LGN,89.5,91.17,-1,4,,,,9,LPGS_2.7.0,24.16515291,62.42374543,FINAL,OLI_TIRS_L1GT,OLI_TIRS,16661,16541,8331,8271,8331,8271,PS,,WGS84,WGS84,15,30,30,LO8BPF20170207092549_20170207150818.01,LT8BPF20170126100746_20170211131243.01,LC08CPF_20170101_20170331_01.01,LC08RLUT_20150303_20431231_01_12.h5,72°12'24.88"S,99°12'42.62"W,71°01'09.88"S,100°18'23.80"W,71°50'02.33"S,95°23'39.59"W,72°30'39.17"S,103°10'41.05"W,73°23'29.36"S,97°57'50.54"W,-72.20691,-99.21184,-71.01941,-100.30661,-71.83398,-95.39433,-72.51088,-103.17807,-73.39149,-97.96404,LC08_L1GT_003111_20170207_20170216_01_T2,LC08_L1GT_003111_20170207_20170216_01_T2,https://earthexplorer.usgs.gov/browse-link/13400/LC80031112017038LGN00
LC08_L1GT_204019_20170207_20170216_01_T2,LC82040192017038LGN00,2017/02/07,T2,1, 204, 019,204, 019,NADIR,-.001,2017/02/16,2017:038:11:08:39.8651730,2017:038:11:09:11.6351700,LGN,100,99.99,-1,4,0,0,0,9,LPGS_2.7.0,14.85656494,163.23336947,FINAL,OLI_TIRS_L1GT,OLI_TIRS,16061,15881,8031,7941,8031,7941,UTM,30,WGS84,WGS84,15,30,30,LO8BPF20170207110729_20170207124423.02,LT8BPF20170126100746_20170211131243.01,LC08CPF_20170101_20170331_01.01,LC08RLUT_20150303_20431231_01_12.h5,58°42'13.82"N,0°29'44.66"W,59°47'42.11"N,1°35'47.58"W,59°15'29.56"N,1°37'53.58"E,58°06'55.26"N,2°33'29.63"W,57°35'39.19"N,0°31'40.76"E,58.70384,-.49574,59.79503,-1.59655,59.25821,1.63155,58.11535,-2.55823,57.59422,.52799,LC08_L1GT_204019_20170207_20170216_01_T2,LC08_L1GT_204019_20170207_20170216_01_T2,https://earthexplorer.usgs.gov/browse-link/13400/LC82040192017038LGN00
LC08_L1TP_139026_20151228_20180524_01_T1,LC81390262015362LGN02,2015/12/28,T1,1, 139, 026,139, 026,NADIR,-.001,2018/05/24,2015:362:04:29:52.6166300,2015:362:04:30:24.3866270,LGN,79.45,79.45,57,4,8.924,6.706,5.888,9,LPGS_13.1.0,16.11821347,163.07384014,FINAL,OLI_TIRS_L1TP,OLI_TIRS,15701,15481,7851,7741,7851,7741,UTM,46,WGS84,WGS84,15,30,30,LO8BPF20151228042555_20151228060448.01,LT8BPF20151225202015_20160110080819.04,LC08CPF_20151001_20151231_01.01,LC08RLUT_20150303_20431231_01_12.h5,48°51'58.32"N,95°02'33.40"E,49°55'53.11"N,94°06'24.37"E,49°28'57.68"N,96°39'55.91"E,48°13'35.80"N,93°27'25.81"E,47°47'02.65"N,95°55'57.36"E,48.8662,95.04261,49.93142,94.10677,49.48269,96.66553,48.22661,93.45717,47.78407,95.9326,LC08_L1TP_139026_20151228_20180524_01_T1,LC08_L1TP_139026_20151228_20180524_01_T1,https://earthexplorer.usgs.gov/browse-link/13400/LC81390262015362LGN02
LC08_L1GT_140120_20170207_20180524_01_T2,LC81401202017038LGN01,2017/02/07,T2,1, 140, 120,140, 120,NADIR,0,2018/05/24,2017:038:05:13:25.0902500,2017:038:05:13:56.8602470,LGN,8.26,8.26,-1,4,,,,9,LPGS_13.1.0,13.45245996,103.01998989,FINAL,OLI_TIRS_L1GT,OLI_TIRS,15741,15541,7871,7771,7871,7771,PS,,WGS84,WGS84,15,30,30,LO8BPF20170207025017_20170207060803.01,LT8BPF20170126100746_20170211131243.01,LC08CPF_20170101_20170331_01.03,LC08RLUT_20150303_20431231_01_12.h5,81°22'12.72"S,4°14'53.99"E,80°14'16.19"S,7°22'03.43"E,81°50'51.90"S,12°04'23.99"E,80°45'23.26"S,2°41'49.56"W,82°28'22.58"S,0°11'30.59"E,-81.3702,4.24833,-80.23783,7.36762,-81.84775,12.07333,-80.75646,-2.6971,-82.47294,.19183,LC08_L1GT_140120_20170207_20180524_01_T2,LC08_L1GT_140120_20170207_20180524_01_T2,https://earthexplorer.usgs.gov/browse-link/13400/LC81401202017038LGN01
LC08_L1TP_204023_20170207_20170216_01_T1,LC82040232017038LGN00,2017/02/07,T1,1, 204, 023,204, 023,NADIR,-.001,2017/02/16,2017:038:11:10:15.3742560,2017:038:11:10:47.1442540,LGN,19.83,22.97,281,4,8.321,5.505,6.24,9,LPGS_2.7.0,19.70894193,160.0662921,FINAL,OLI_TIRS_L1TP,OLI_TIRS,16161,15961,8081,7981,8081,7981,UTM,30,WGS84,WGS84,15,30,30,LO8BPF20170207110729_20170207124423.02,LT8BPF20170126100746_20170211131243.01,LC08CPF_20170101_20170331_01.01,LC08RLUT_20150303_20431231_01_12.h5,53°06'09.54"N,3°31'30.11"W,54°10'36.80"N,4°31'42.13"W,53°41'49.52"N,1°43'19.74"W,52°28'52.07"N,5°16'50.48"W,52°00'38.45"N,2°34'42.49"W,53.10265,-3.52503,54.17689,-4.52837,53.69709,-1.72215,52.48113,-5.28069,52.01068,-2.57847,LC08_L1TP_204023_20170207_20170216_01_T1,LC08_L1TP_204023_20170207_20170216_01_T1,https://earthexplorer.usgs.gov/browse-link/13400/LC82040232017038LGN00
LC08_L1GT_204116_20170207_20170216_01_T2,LC82041162017038LGN00,2017/02/07,T2,1, 204, 116,204, 116,NADIR,0,2017/02/16,2017:038:11:47:21.1548420,2017:038:11:47:52.9248400,LGN,0,0,-1,4,,,,9,LPGS_2.7.0,18.21472449,76.82981438,FINAL,OLI_TIRS_L1GT,OLI_TIRS,16721,16861,8361,8431,8361,8431,PS,,WGS84,WGS84,15,30,30,LO8BPF20170207110729_20170207124423.02,LT8BPF20170126100746_20170211131243.01,LC08CPF_20170101_20170331_01.01,LC08RLUT_20150303_20431231_01_12.h5,78°08'33.43"S,66°45'28.26"W,76°54'22.32"S,66°53'02.26"W,78°04'31.30"S,60°45'53.82"W,78°05'25.48"S,72°46'34.25"W,79°22'58.48"S,66°36'20.45"W,-78.14262,-66.75785,-76.9062,-66.88396,-78.07536,-60.76495,-78.09041,-72.77618,-79.38291,-66.60568,LC08_L1GT_204116_20170207_20170216_01_T2,LC08_L1GT_204116_20170207_20170216_01_T2,https://earthexplorer.usgs.gov/browse-link/13400/LC82041162017038LGN00
LC08_L1TP_156036_20170207_20170216_01_T1,LC81560362017038LGN00,2017/02/07,T1,1, 156, 036,156, 036,NADIR,-.001,2017/02/16,2017:038:06:18:46.8888410,2017:038:06:19:18.6588390,LGN,7.15,7.15,347,4,9.69,7.279,6.396,9,LPGS_2.7.0,34.88610039,150.49622514,FINAL,OLI_TIRS_L1TP,OLI_TIRS,15561,15281,7781,7641,7781,7641,UTM,41,WGS84,WGS84,15,30,30,LO8BPF20170207060803_20170207065418.02,LT8BPF20170126100746_20170211131243.01,LC08CPF_20170101_20170331_01.01,LC08RLUT_20150303_20431231_01_12.h5,34°36'38.16"N,64°00'48.06"E,35°39'36.94"N,63°13'53.94"E,35°16'08.98"N,65°16'40.62"E,33°56'15.14"N,62°46'01.24"E,33°32'49.02"N,64°46'16.61"E,34.6106,64.01335,35.66026,63.23165,35.26916,65.27795,33.93754,62.76701,33.54695,64.77128,LC08_L1TP_156036_20170207_20170216_01_T1,LC08_L1TP_156036_20170207_20170216_01_T1,https://earthexplorer.usgs.gov/browse-link/13400/LC81560362017038LGN00
LC08_L1GT_188119_20170207_20170216_01_T2,LC81881192017038LGN00,2017/02/07,T2,1, 188, 119,188, 119,NADIR,0,2017/02/16,2017:038:10:09:40.1749300,2017:038:10:10:11.9449270,LGN,0,0,-1,4,,,,9,LPGS_2.7.0,14.60331182,94.78533475,FINAL,OLI_TIRS_L1GT,OLI_TIRS,12941,13181,6471,6591,6471,6591,PS,,WGS84,WGS84,15,30,30,LO8BPF20170207092549_20170207101204.02,LT8BPF20170126100746_20170211131243.01,LC08CPF_20170101_20170331_01.01,LC08RLUT_20150303_20431231_01_12.h5,80°47'22.20"S,61°17'28.43"W,79°36'01.87"S,59°17'17.66"W,81°05'54.35"S,53°40'45.26"W,80°20'16.48"S,68°20'30.01"W,81°58'03.32"S,63°53'31.74"W,-80.7895,-61.29123,-79.60052,-59.28824,-81.09843,-53.67924,-80.33791,-68.34167,-81.96759,-63.89215,LC08_L1GT_188119_20170207_20170216_01_T2,LC08_L1GT_188119_20170207_20170216_01_T2,https://earthexplorer.usgs.gov/browse-link/13400/LC81881192017038LGN00
LC08_L1TP_220077_20160527_20180528_01_T1,LC82200772016148LGN02,2016/05/27,T1,1, 220, 077,220, 077,NADIR,-.001,2018/05/28,2016:148:13:10:18.8077380,2016:148:13:10:50.5777350,LGN,99.04,98.82,17,4,9.887,7.753,6.135,9,LPGS_13.1.0,35.52626625,34.96255417,FINAL,OLI_TIRS_L1TP,OLI_TIRS,15721,15561,7861,7781,7861,7781,UTM,22,WGS84,WGS84,15,30,30,LO8BPF20160527121809_20160527141833.01,LT8BPF20160522121054_20160606055146.01,LC08CPF_20160401_20160630_01.01,LC08RLUT_20150303_20431231_01_12.h5,24°33'11.81"S,48°24'30.92"W,23°30'11.38"S,49°07'04.40"W,23°52'39.50"S,47°16'47.35"W,25°13'32.88"S,49°33'00.83"W,25°36'19.69"S,47°41'12.16"W,-24.55328,-48.40859,-23.50316,-49.11789,-23.87764,-47.27982,-25.2258,-49.55023,-25.60547,-47.68671,LC08_L1TP_220077_20160527_20180528_01_T1,LC08_L1TP_220077_20160527_20180528_01_T1,https://earthexplorer.usgs.gov/browse-link/13400/LC82200772016148LGN02
LC08_L1TP_156035_20170207_20170216_01_T1,LC81560352017038LGN00,2017/02/07,T1,1, 156, 035,156, 035,NADIR,-.001,2017/02/16,2017:038:06:18:22.9978030,2017:038:06:18:54.7678010,LGN,8.17,8.17,406,4,9.086,6.854,5.964,9,LPGS_2.7.0,33.7571335,151.30213526,FINAL,OLI_TIRS_L1TP,OLI_TIRS,15521,15261,7761,7631,7761,7631,UTM,41,WGS84,WGS84,15,30,30,LO8BPF20170207060803_20170207065418.02,LT8BPF20170126100746_20170211131243.01,LC08CPF_20170101_20170331_01.01,LC08RLUT_20150303_20431231_01_12.h5,36°02'35.74"N,64°25'22.22"E,37°05'37.82"N,63°37'44.62"E,36°41'56.26"N,65°42'45.14"E,35°22'20.57"N,63°09'10.15"E,34°58'42.13"N,65°11'28.72"E,36.04326,64.42284,37.09384,63.62906,36.69896,65.71254,35.37238,63.15282,34.97837,65.19131,LC08_L1TP_156035_20170207_20170216_01_T1,LC08_L1TP_156035_20170207_20170216_01_T1,https://earthexplorer.usgs.gov/browse-link/13400/LC81560352017038LGN00
LC08_L1GT_220107_20170327_20180528_01_T2,LC82201072017086LGN01,2017/03/27,T2,1, 220, 107,220, 107,NADIR,0,2018/05/28,2017:086:13:22:15.4634470,2017:086:13:22:47.2334450,LGN,100,99.99,-1,4,,,,9,LPGS_13.1.0,12.54053781,49.42437843,FINAL,OLI_TIRS_L1GT,OLI_TIRS,18681,18701,9341,9351,9341,9351,PS,,WGS84,WGS84,15,30,30,LO8BPF20170327104936_20170327141918.01,LT8BPF20170327085754_20170411160422.01,LC08CPF_20170101_20170331_01.03,LC08RLUT_20150303_20431231_01_12.h5,66°56'21.34"S,67°14'30.84"W,65°47'38.94"S,68°24'21.82"W,66°27'08.96"S,64°22'16.97"W,67°22'48.11"S,70°13'34.00"W,68°04'44.44"S,65°57'37.98"W,-66.93926,-67.2419,-65.79415,-68.40606,-66.45249,-64.37138,-67.38003,-70.22611,-68.07901,-65.96055,LC08_L1GT_220107_20170327_20180528_01_T2,LC08_L1GT_220107_20170327_20180528_01_T2,https://earthexplorer.usgs.gov/browse-link/13400/LC82201072017086LGN01
LC08_L1GT_220108_20170207_20170216_01_T2,LC82201082017038LGN00,2017/02/07,T2,1, 220, 108,220, 108,NADIR,0,2017/02/16,2017:038:13:23:02.0526400,2017:038:13:23:33.8226370,LGN,61.11,84.07,-1,4,,,,9,LPGS_2.7.0,27.71298772,58.55051981,FINAL,OLI_TIRS_L1GT,OLI_TIRS,18601,18621,9301,9311,9301,9311,PS,,WGS84,WGS84,15,30,30,LO8BPF20170207124423_20170207132949.02,LT8BPF20170126100746_20170211131243.01,LC08CPF_20170101_20170331_01.01,LC08RLUT_20150303_20431231_01_12.h5,68°16'47.64"S,68°46'25.07"W,67°07'30.36"S,69°56'19.93"W,67°48'57.60"S,65°42'36.79"W,68°41'35.27"S,71°57'36.32"W,69°25'46.85"S,67°28'54.59"W,-68.2799,-68.77363,-67.1251,-69.93887,-67.816,-65.71022,-68.69313,-71.96009,-69.42968,-67.48183,LC08_L1GT_220108_20170207_20170216_01_T2,LC08_L1GT_220108_20170207_20170216_01_T2,https://earthexplorer.usgs.gov/browse-link/13400/LC82201082017038LGN00
LC08_L1GT_188120_20170207_20170216_01_T2,LC81881202017038LGN00,2017/02/07,T2,1, 188, 120,188, 120,NADIR,0,2017/02/16,2017:038:10:10:04.1549240,2017:038:10:10:35.9249210,LGN,0,0,-1,4,,,,9,LPGS_2.7.0,13.38682691,103.01898699,FINAL,OLI_TIRS_L1GT,OLI_TIRS,12881,13121,6441,6561,6441,6561,PS,,WGS84,WGS84,15,30,30,LO8BPF20170207092549_20170207101204.02,LT8BPF20170126100746_20170211131243.01,LC08CPF_20170101_20170331_01.01,LC08RLUT_20150303_20431231_01_12.h5,81°22'04.26"S,69°55'13.98"W,80°14'08.45"S,66°48'02.20"W,81°50'43.04"S,62°05'54.06"W,80°45'15.34"S,76°51'50.98"W,82°28'13.26"S,73°58'39.68"W,-81.36785,-69.92055,-80.23568,-66.80061,-81.84529,-62.09835,-80.75426,-76.86416,-82.47035,-73.97769,LC08_L1GT_188120_20170207_20170216_01_T2,LC08_L1GT_188120_20170207_20170216_01_T2,https://earthexplorer.usgs.gov/browse-link/13400/LC81881202017038LGN00
LC08_L1GT_172122_20170207_20170216_01_T2,LC81721222017038LGN00,2017/02/07,T2,1, 172, 122,172, 122,NADIR,0,2017/02/16,2017:038:08:31:59.1526590,2017:038:08:32:30.9226570,LGN,0,0,-1,4,,,,9,LPGS_2.7.0,10.96831131,122.07047349,FINAL,OLI_TIRS_L1GT,OLI_TIRS,16921,17041,8461,8521,8461,8521,PS,,WGS84,WGS84,15,30,30,LO8BPF20170207074656_20170207083311.02,LT8BPF20170126100746_20170211131243.01,LC08CPF_20170101_20170331_01.01,LC08RLUT_20150303_20431231_01_12.h5,81°51'37.01"S,64°59'10.75"W,80°56'12.52"S,59°28'33.74"W,82°41'40.88"S,58°10'55.60"W,80°56'10.32"S,70°31'35.54"W,82°41'34.73"S,71°50'33.86"W,-81.86028,-64.98632,-80.93681,-59.47604,-82.69469,-58.18211,-80.9362,-70.52654,-82.69298,-71.84274,LC08_L1GT_172122_20170207_20170216_01_T2,LC08_L1GT_172122_20170207_20170216_01_T2,https://earthexplorer.usgs.gov/browse-link/13400/LC81721222017038LGN00
LC08_L1GT_204114_20170207_20170216_01_T2,LC82041142017038LGN00,2017/02/07,T2,1, 204, 114,204, 114,NADIR,0,2017/02/16,2017:038:11:46:32.9661110,2017:038:11:47:04.7361080,LGN,0,0,-1,4,,,,9,LPGS_2.7.0,20.63101028,69.37652268,FINAL,OLI_TIRS_L1GT,OLI_TIRS,16721,16861,8361,8431,8361,8431,PS,,WGS84,WGS84,15,30,30,LO8BPF20170207110729_20170207124423.02,LT8BPF20170126100746_20170211131243.01,LC08CPF_20170101_20170331_01.01,LC08RLUT_20150303_20431231_01_12.h5,75°54'07.16"S,58°19'50.88"W,74°40'46.99"S,59°04'21.90"W,75°40'40.84"S,53°22'39.36"W,76°01'46.99"S,63°25'03.29"W,77°07'31.94"S,57°27'03.24"W,-75.90199,-58.3308,-74.67972,-59.07275,-75.67801,-53.3776,-76.02972,-63.41758,-77.12554,-57.4509,LC08_L1GT_204114_20170207_20170216_01_T2,LC08_L1GT_204114_20170207_20170216_01_T2,https://earthexplorer.usgs.gov/browse-link/13400/LC82041142017038LGN00
LC08_L1GT_204028_20170207_20170216_01_T2,LC82040282017038LGN00,2017/02/07,T2,1, 204, 028,204, 028,NADIR,-.001,2017/02/16,2017:038:11:12:14.7870860,2017:038:11:12:46.5570840,LGN,-1,26.28,-1,4,,,,9,LPGS_2.7.0,25.69023493,156.4698695,FINAL,OLI_TIRS_L1GT,OLI_TIRS,15581,15341,7791,7671,7791,7671,UTM,29,WGS84,WGS84,15,30,30,LO8BPF20170207110729_20170207124423.02,LT8BPF20170126100746_20170211131243.01,LC08CPF_20170101_20170331_01.01,LC08RLUT_20150303_20431231_01_12.h5,46°01'46.20"N,6°29'04.38"W,47°05'25.37"N,7°23'08.05"W,46°39'24.91"N,4°57'17.17"W,45°22'52.46"N,7°58'55.06"W,44°57'08.42"N,5°37'25.18"W,46.0295,-6.48455,47.09038,-7.38557,46.65692,-4.95477,45.38124,-7.98196,44.95234,-5.62366,LC08_L1GT_204028_20170207_20170216_01_T2,LC08_L1GT_204028_20170207_20170216_01_T2,https://earthexplorer.usgs.gov/browse-link/13400/LC82040282017038LGN00
LC08_L1TP_003072_20170207_20170216_01_T1,LC80030722017038LGN00,2017/02/07,T1,1, 003, 072,3, 072,NADIR,-.001,2017/02/16,2017:038:14:47:32.5611340,2017:038:14:48:04.3311310,LGN,15.65,21.07,328,4,6.53,3.439,5.55,9,LPGS_2.7.0,58.28276068,90.82429277,FINAL,OLI_TIRS_L1TP,OLI_TIRS,15381,15161,7691,7581,7691,7581,UTM,19,WGS84,WGS84,15,30,30,LO8BPF20170207092549_20170207150818.01,LT8BPF20170126100746_20170211131243.01,LC08CPF_20170101_20170331_01.01,LC08RLUT_20150303_20431231_01_12.h5,17°20'39.88"S,71°24'45.22"W,16°17'49.34"S,72°05'30.12"W,16°39'44.39"S,70°20'31.09"W,18°01'32.52"S,72°29'30.70"W,18°23'43.37"S,70°43'31.58"W,-17.34441,-71.41256,-16.29704,-72.0917,-16.66233,-70.34197,-18.0257,-72.49186,-18.39538,-70.72544,LC08_L1TP_003072_20170207_20170216_01_T1,LC08_L1TP_003072_20170207_20170216_01_T1,https://earthexplorer.usgs.gov/browse-link/13400/LC80030722017038LGN00
LC08_L1GT_156024_20170207_20170216_01_T2,LC81560242017038LGN00,2017/02/07,T2,1, 156, 024,156, 024,NADIR,-.001,2017/02/16,2017:038:06:14:00.2726340,2017:038:06:14:32.0426320,LGN,31.91,31.91,-1,4,0,0,0,9,LPGS_2.7.0,20.8507384,159.34582126,FINAL,OLI_TIRS_L1GT,OLI_TIRS,15901,15721,7951,7861,7951,7861,UTM,42,WGS84,WGS84,15,30,30,LO8BPF20170207060803_20170207065418.02,LT8BPF20170126100746_20170211131243.01,LC08CPF_20170101_20170331_01.01,LC08RLUT_20150303_20431231_01_12.h5,51°41'36.53"N,69°58'57.29"E,52°45'51.98"N,69°00'05.00"E,52°17'45.24"N,71°43'15.82"E,51°03'55.58"N,68°17'16.08"E,50°36'18.25"N,70°54'39.24"E,51.69348,69.98258,52.76444,69.00139,52.2959,71.72106,51.06544,68.2878,50.60507,70.9109,LC08_L1GT_156024_20170207_20170216_01_T2,LC08_L1GT_156024_20170207_20170216_01_T2,https://earthexplorer.usgs.gov/browse-link/13400/LC81560242017038LGN00
LC08_L1TP_156029_20170207_20170216_01_T2,LC81560292017038LGN00,2017/02/07,T2,1, 156, 029,156, 029,NADIR,-.001,2017/02/16,2017:038:06:15:59.6812280,2017:038:06:16:31.4512250,LGN,.05,.05,78,4,14.966,10.134,11.013,9,LPGS_2.7.0,26.80981664,155.77978011,FINAL,OLI_TIRS_L1TP,OLI_TIRS,16021,15821,8011,7911,8011,7911,UTM,42,WGS84,WGS84,15,30,30,LO8BPF20170207060803_20170207065418.02,LT8BPF20170126100746_20170211131243.01,LC08CPF_20170101_20170331_01.01,LC08RLUT_20150303_20431231_01_12.h5,44°36'30.10"N,67°09'36.04"E,45°40'01.67"N,66°16'38.53"E,45°14'27.89"N,68°38'47.51"E,43°57'20.74"N,65°42'13.00"E,43°32'00.85"N,68°00'18.61"E,44.60836,67.16001,45.66713,66.27737,45.24108,68.64653,43.95576,65.70361,43.53357,68.00517,LC08_L1TP_156029_20170207_20170216_01_T2,LC08_L1TP_156029_20170207_20170216_01_T2,https://earthexplorer.usgs.gov/browse-link/13400/LC81560292017038LGN00
LC08_L1TP_003027_20170207_20170216_01_T1,LC80030272017038LGN00,2017/02/07,T1,1, 003, 027,3, 027,NADIR,-.001,2017/02/16,2017:038:14:29:36.8544450,2017:038:14:30:08.6244430,LGN,27.46,41.86,194,4,9.116,6.592,6.296,9,LPGS_2.7.0,24.54335803,157.16260548,FINAL,OLI_TIRS_L1TP,OLI_TIRS,15701,15481,7851,7741,7851,7741,UTM,21,WGS84,WGS84,15,30,30,LO8BPF20170207092549_20170207150818.01,LT8BPF20170126100746_20170211131243.01,LC08CPF_20170101_20170331_01.01,LC08RLUT_20150303_20431231_01_12.h5,47°26'57.62"N,55°23'28.43"W,48°30'44.24"N,56°18'38.41"W,48°04'17.11"N,53°48'57.02"W,46°48'19.22"N,56°55'54.55"W,46°22'11.24"N,54°30'53.10"W,47.44934,-55.39123,48.51229,-56.31067,48.07142,-53.81584,46.80534,-56.93182,46.36979,-54.51475,LC08_L1TP_003027_20170207_20170216_01_T1,LC08_L1TP_003027_20170207_20170216_01_T1,https://earthexplorer.usgs.gov/browse-link/13400/LC80030272017038LGN00
LC08_L1GT_156109_20170207_20170216_01_T2,LC81561092017038LGN00,2017/02/07,T2,1, 156, 109,156, 109,NADIR,0,2017/02/16,2017:038:06:47:54.1836170,2017:038:06:48:25.9536140,LGN,59.55,76.72,-1,4,,,,9,LPGS_2.7.0,26.6276273,59.61654,FINAL,OLI_TIRS_L1GT,OLI_TIRS,18361,18301,9181,9151,9181,9151,PS,,WGS84,WGS84,15,30,30,LO8BPF20170207060803_20170207065418.02,LT8BPF20170126100746_20170211131243.01,LC08CPF_20170101_20170331_01.01,LC08RLUT_20150303_20431231_01_12.h5,69°36'22.46"S,28°25'51.02"E,68°26'28.32"S,27°16'19.34"E,69°10'06.02"S,31°42'48.78"E,69°59'17.52"S,25°00'56.77"E,70°46'00.34"S,29°43'33.89"E,-69.60624,28.43084,-68.4412,27.27204,-69.16834,31.71355,-69.9882,25.01577,-70.76676,29.72608,LC08_L1GT_156109_20170207_20170216_01_T2,LC08_L1GT_156109_20170207_20170216_01_T2,https://earthexplorer.usgs.gov/browse-link/13400/LC81561092017038LGN00
LC08_L1TP_003026_20170207_20170216_01_T1,LC80030262017038LGN00,2017/02/07,T1,1, 003, 026,3, 026,NADIR,-.001,2017/02/16,2017:038:14:29:12.9803510,2017:038:14:29:44.7503490,LGN,37.9,34.45,228,4,9.927,6.281,7.688,9,LPGS_2.7.0,23.35203547,157.87425836,FINAL,OLI_TIRS_L1TP,OLI_TIRS,15681,15481,7841,7741,7841,7741,UTM,21,WGS84,WGS84,15,30,30,LO8BPF20170207092549_20170207150818.01,LT8BPF20170126100746_20170211131243.01,LC08CPF_20170101_20170331_01.01,LC08RLUT_20150303_20431231_01_12.h5,48°51'58.07"N,54°49'46.20"W,49°55'53.33"N,55°46'06.38"W,49°28'56.06"N,53°12'15.37"W,48°13'36.98"N,56°25'01.85"W,47°47'01.97"N,53°56'11.40"W,48.86613,-54.8295,49.93148,-55.76844,49.48224,-53.20427,48.22694,-56.41718,47.78388,-53.9365,LC08_L1TP_003026_20170207_20170216_01_T1,LC08_L1TP_003026_20170207_20170216_01_T1,https://earthexplorer.usgs.gov/browse-link/13400/LC80030262017038LGN00
LC08_L1GT_003115_20170207_20170216_01_T2,LC80031152017038LGN00,2017/02/07,T2,1, 003, 115,3, 115,NADIR,0,2017/02/16,2017:038:15:04:42.7986000,2017:038:15:05:14.5685970,LGN,0,0,-1,4,,,,9,LPGS_2.7.0,19.3921089,72.69964307,FINAL,OLI_TIRS_L1GT,OLI_TIRS,16341,16181,8171,8091,8171,8091,PS,,WGS84,WGS84,15,30,30,LO8BPF20170207092549_20170207150818.01,LT8BPF20170126100746_20170211131243.01,LC08CPF_20170101_20170331_01.01,LC08RLUT_20150303_20431231_01_12.h5,77°02'53.74"S,111°35'54.53"W,75°49'00.98"S,112°05'31.49"W,76°53'40.13"S,106°09'21.89"W,77°05'40.31"S,117°08'17.48"W,78°16'56.78"S,111°00'14.62"W,-77.04826,-111.59848,-75.81694,-112.09208,-76.89448,-106.15608,-77.09453,-117.13819,-78.28244,-111.00406,LC08_L1GT_003115_20170207_20170216_01_T2,LC08_L1GT_003115_20170207_20170216_01_T2,https://earthexplorer.usgs.gov/browse-link/13400/LC80031152017038LGN00
LC08_L1TP_204044_20170207_20170216_01_T1,LC82040442017038LGN00,2017/02/07,T1,1, 204, 044,204, 044,NADIR,-.001,2017/02/16,2017:038:11:18:37.0182770,2017:038:11:19:08.7882740,LGN,.15,.15,396,4,4.758,3.489,3.234,9,LPGS_2.7.0,43.53544647,142.92766984,FINAL,OLI_TIRS_L1TP,OLI_TIRS,15421,15101,7711,7551,7711,7551,UTM,28,WGS84,WGS84,15,30,30,LO8BPF20170207110729_20170207124423.02,LT8BPF20170126100746_20170211131243.01,LC08CPF_20170101_20170331_01.01,LC08RLUT_20150303_20431231_01_12.h5,23°06'45.79"N,13°06'49.28"W,24°09'30.02"N,13°49'16.03"W,23°47'16.33"N,11°59'41.24"W,22°25'38.93"N,14°13'21.97"W,22°03'19.98"N,12°25'12.58"W,23.11272,-13.11369,24.15834,-13.82112,23.78787,-11.99479,22.42748,-14.22277,22.05555,-12.42016,LC08_L1TP_204044_20170207_20170216_01_T1,LC08_L1TP_204044_20170207_20170216_01_T1,https://earthexplorer.usgs.gov/browse-link/13400/LC82040442017038LGN00
LC08_L1GT_003112_20170207_20170216_01_T2,LC80031122017038LGN00,2017/02/07,T2,1, 003, 112,3, 112,NADIR,0,2017/02/16,2017:038:15:03:30.9179220,2017:038:15:04:02.6879200,LGN,99.9,99.93,-1,4,,,,9,LPGS_2.7.0,22.97852337,64.3105546,FINAL,OLI_TIRS_L1GT,OLI_TIRS,16581,16441,8291,8221,8291,8221,PS,,WGS84,WGS84,15,30,30,LO8BPF20170207092549_20170207150818.01,LT8BPF20170126100746_20170211131243.01,LC08CPF_20170101_20170331_01.01,LC08RLUT_20150303_20431231_01_12.h5,73°28'19.13"S,101°39'38.63"W,72°16'21.32"S,102°41'05.17"W,73°08'25.15"S,97°30'55.44"W,73°43'36.01"S,105°57'30.85"W,74°40'10.45"S,100°28'47.57"W,-73.47198,-101.66073,-72.27259,-102.68477,-73.14032,-97.5154,-73.72667,-105.95857,-74.66957,-100.47988,LC08_L1GT_003112_20170207_20170216_01_T2,LC08_L1GT_003112_20170207_20170216_01_T2,https://earthexplorer.usgs.gov/browse-link/13400/LC80031122017038LGN00
LC08_L1GT_172110_20170207_20170216_01_T2,LC81721102017038LGN00,2017/02/07,T2,1, 172, 110,172, 110,NADIR,0,2017/02/16,2017:038:08:27:11.1809330,2017:038:08:27:42.9509300,LGN,37.27,37.41,-1,4,,,,9,LPGS_2.7.0,25.42942551,60.89431931,FINAL,OLI_TIRS_L1GT,OLI_TIRS,17681,17761,8841,8881,8841,8881,PS,,WGS84,WGS84,15,30,30,LO8BPF20170207074656_20170207083311.02,LT8BPF20170126100746_20170211131243.01,LC08CPF_20170101_20170331_01.01,LC08RLUT_20150303_20431231_01_12.h5,70°54'59.72"S,1°48'42.59"E,69°44'26.16"S,0°40'30.58"E,70°30'31.57"S,5°20'38.40"E,71°15'44.78"S,1°51'41.76"W,72°05'19.61"S,3°05'38.76"E,-70.91659,1.81183,-69.7406,.67516,-70.50877,5.344,-71.26244,-1.8616,-72.08878,3.0941,LC08_L1GT_172110_20170207_20170216_01_T2,LC08_L1GT_172110_20170207_20170216_01_T2,https://earthexplorer.usgs.gov/browse-link/13400/LC81721102017038LGN00
LC08_L1TP_003071_20170207_20170216_01_T1,LC80030712017038LGN00,2017/02/07,T1,1, 003, 071,3, 071,NADIR,0,2017/02/16,2017:038:14:47:08.6277360,2017:038:14:47:40.3977330,LGN,47.72,47.72,286,4,7.88,4.681,6.339,9,LPGS_2.7.0,58.44894768,93.11424562,FINAL,OLI_TIRS_L1TP,OLI_TIRS,15421,15181,7711,7591,7711,7591,UTM,19,WGS84,WGS84,15,30,30,LO8BPF20170207092549_20170207150818.01,LT8BPF20170126100746_20170211131243.01,LC08CPF_20170101_20170331_01.01,LC08RLUT_20150303_20431231_01_12.h5,15°54'03.42"S,71°05'15.25"W,14°51'15.16"S,71°45'31.18"W,15°13'00.59"S,70°01'44.83"W,16°35'04.52"S,72°09'14.98"W,16°57'05.33"S,70°24'34.34"W,-15.90095,-71.08757,-14.85421,-71.75866,-15.21683,-70.02912,-16.58459,-72.15416,-16.95148,-70.40954,LC08_L1TP_003071_20170207_20170216_01_T1,LC08_L1TP_003071_20170207_20170216_01_T1,https://earthexplorer.usgs.gov/browse-link/13400/LC80030712017038LGN00
LC08_L1TP_204043_20170207_20170216_01_T1,LC82040432017038LGN00,2017/02/07,T1,1, 204, 043,204, 043,NADIR,-.001,2017/02/16,2017:038:11:18:13.1187670,2017:038:11:18:44.8887640,LGN,.93,.93,379,4,4.677,3.553,3.041,9,LPGS_2.7.0,42.51246258,143.99771167,FINAL,OLI_TIRS_L1TP,OLI_TIRS,15401,15101,7701,7551,7701,7551,UTM,28,WGS84,WGS84,15,30,30,LO8BPF20170207110729_20170207124423.02,LT8BPF20170126100746_20170211131243.01,LC08CPF_20170101_20170331_01.01,LC08RLUT_20150303_20431231_01_12.h5,24°33'11.74"N,12°46'00.95"W,25°35'57.01"N,13°28'54.62"W,25°13'36.34"N,11°38'02.65"W,23°52'08.90"N,13°53'20.58"W,23°29'43.66"N,12°04'00.88"W,24.55326,-12.76693,25.59917,-13.48184,25.22676,-11.63407,23.86914,-13.88905,23.49546,-12.06691,LC08_L1TP_204043_20170207_20170216_01_T1,LC08_L1TP_204043_20170207_20170216_01_T1,https://earthexplorer.usgs.gov/browse-link/13400/LC82040432017038LGN00
LC08_L1GT_172117_20170207_20170216_01_T2,LC81721172017038LGN00,2017/02/07,T2,1, 172, 117,172, 117,NADIR,0,2017/02/16,2017:038:08:29:59.2315100,2017:038:08:30:31.0015070,LGN,0,0,-1,4,,,,9,LPGS_2.7.0,17.0503124,81.76214473,FINAL,OLI_TIRS_L1GT,OLI_TIRS,17141,17261,8571,8631,8571,8631,PS,,WGS84,WGS84,15,30,30,LO8BPF20170207074656_20170207083311.02,LT8BPF20170126100746_20170211131243.01,LC08CPF_20170101_20170331_01.01,LC08RLUT_20150303_20431231_01_12.h5,79°08'36.71"S,22°41'43.55"W,77°54'32.65"S,22°18'38.34"W,79°10'47.64"S,16°07'13.48"W,78°58'34.57"S,29°10'22.94"W,80°22'52.25"S,23°11'00.31"W,-79.14353,-22.69543,-77.90907,-22.31065,-79.1799,-16.12041,-78.97627,-29.17304,-80.38118,-23.18342,LC08_L1GT_172117_20170207_20170216_01_T2,LC08_L1GT_172117_20170207_20170216_01_T2,https://earthexplorer.usgs.gov/browse-link/13400/LC81721172017038LGN00
LC08_L1TP_156027_20170207_20170216_01_T1,LC81560272017038LGN00,2017/02/07,T1,1, 156, 027,156, 027,NADIR,-.001,2017/02/16,2017:038:06:15:11.9160960,2017:038:06:15:43.6860930,LGN,1.38,1.38,25,4,9.409,7.254,5.992,9,LPGS_2.7.0,24.44103094,157.19990997,FINAL,OLI_TIRS_L1TP,OLI_TIRS,15981,15781,7991,7891,7991,7891,UTM,42,WGS84,WGS84,15,30,30,LO8BPF20170207060803_20170207065418.02,LT8BPF20170126100746_20170211131243.01,LC08CPF_20170101_20170331_01.01,LC08RLUT_20150303_20431231_01_12.h5,47°26'57.52"N,68°12'49.00"E,48°30'43.88"N,67°17'39.95"E,48°04'17.15"N,69°47'19.50"E,46°48'18.79"N,66°40'24.02"E,46°22'11.24"N,69°05'23.71"E,47.44931,68.21361,48.51219,67.29443,48.07143,69.78875,46.80522,66.67334,46.36979,69.08992,LC08_L1TP_156027_20170207_20170216_01_T1,LC08_L1TP_156027_20170207_20170216_01_T1,https://earthexplorer.usgs.gov/browse-link/13400/LC81560272017038LGN00
LC08_L1TP_188015_20170207_20170216_01_T1,LC81880152017038LGN00,2017/02/07,T1,1, 188, 015,188, 015,NADIR,-.001,2017/02/16,2017:038:09:28:11.3853640,2017:038:09:28:43.1553610,LGN,14.4,14.4,46,4,10.757,7.152,8.036,9,LPGS_2.7.0,9.94259515,167.10872529,FINAL,OLI_TIRS_L1TP,OLI_TIRS,16601,16481,8301,8241,8301,8241,UTM,35,WGS84,WGS84,15,30,30,LO8BPF20170207092549_20170207101204.02,LT8BPF20170126100746_20170211131243.01,LC08CPF_20170101_20170331_01.01,LC08RLUT_20150303_20431231_01_12.h5,64°13'30.07"N,28°15'06.16"E,65°20'28.00"N,27°03'12.31"E,64°43'04.58"N,30°51'44.53"E,63°41'14.35"N,25°43'54.26"E,63°05'25.37"N,29°20'37.21"E,64.22502,28.25171,65.34111,27.05342,64.71794,30.86237,63.68732,25.73174,63.09038,29.34367,LC08_L1TP_188015_20170207_20170216_01_T1,LC08_L1TP_188015_20170207_20170216_01_T1,https://earthexplorer.usgs.gov/browse-link/13400/LC81880152017038LGN00
LC08_L1TP_188016_20170207_20170216_01_T1,LC81880162017038LGN00,2017/02/07,T1,1, 188, 016,188, 016,NADIR,-.001,2017/02/16,2017:038:09:28:35.2552220,2017:038:09:29:07.0252190,LGN,1.83,1.83,127,4,9.083,5.613,7.141,9,LPGS_2.7.0,11.16820535,166.0405636,FINAL,OLI_TIRS_L1TP,OLI_TIRS,16621,16501,8311,8251,8311,8251,UTM,35,WGS84,WGS84,15,30,30,LO8BPF20170207092549_20170207101204.02,LT8BPF20170126100746_20170211131243.01,LC08CPF_20170101_20170331_01.01,LC08RLUT_20150303_20431231_01_12.h5,62°51'18.40"N,27°07'07.25"E,63°57'50.33"N,25°56'36.13"E,63°21'58.25"N,29°35'17.84"E,62°18'08.57"N,24°43'56.75"E,61°43'39.40"N,28°11'45.85"E,62.85511,27.11868,63.96398,25.94337,63.36618,29.58829,62.30238,24.73243,61.72761,28.19607,LC08_L1TP_188016_20170207_20170216_01_T1,LC08_L1TP_188016_20170207_20170216_01_T1,https://earthexplorer.usgs.gov/browse-link/13400/LC81880162017038LGN00
LC08_L1GT_003028_20170207_20170216_01_T2,LC80030282017038LGN00,2017/02/07,T2,1, 003, 028,3, 028,NADIR,-.001,2017/02/16,2017:038:14:30:00.7412470,2017:038:14:30:32.5112450,LGN,49.65,57.55,-1,4,0,0,0,9,LPGS_2.7.0,25.73011682,156.45128849,FINAL,OLI_TIRS_L1GT,OLI_TIRS,15741,15501,7871,7751,7871,7751,UTM,21,WGS84,WGS84,15,30,30,LO8BPF20170207092549_20170207150818.01,LT8BPF20170126100746_20170211131243.01,LC08CPF_20170101_20170331_01.01,LC08RLUT_20150303_20431231_01_12.h5,46°01'46.70"N,55°55'45.01"W,47°05'25.62"N,56°49'48.32"W,46°39'25.78"N,54°23'58.31"W,45°22'52.36"N,57°25'34.75"W,44°57'08.96"N,55°04'05.81"W,46.02964,-55.92917,47.09045,-56.83009,46.65716,-54.39953,45.38121,-57.42632,44.95249,-55.06828,LC08_L1GT_003028_20170207_20170216_01_T2,LC08_L1GT_003028_20170207_20170216_01_T2,https://earthexplorer.usgs.gov/browse-link/13400/LC80030282017038LGN00
LC08_L1TP_204040_20170207_20170216_01_T1,LC82040402017038LGN00,2017/02/07,T1,1, 204, 040,204, 040,NADIR,-.001,2017/02/16,2017:038:11:17:01.4414170,2017:038:11:17:33.2114140,LGN,.75,17.05,280,4,4.389,3.143,3.063,9,LPGS_2.7.0,39.34840825,146.96653147,FINAL,OLI_TIRS_L1TP,OLI_TIRS,15821,15541,7911,7771,7911,7771,UTM,29,WGS84,WGS84,15,30,30,LO8BPF20170207110729_20170207124423.02,LT8BPF20170126100746_20170211131243.01,LC08CPF_20170101_20170331_01.01,LC08RLUT_20150303_20431231_01_12.h5,28°52'08.58"N,11°41'26.20"W,29°54'58.46"N,12°25'51.02"W,29°32'13.45"N,10°30'33.44"W,28°11'20.18"N,12°51'29.95"W,27°48'32.90"N,10°58'07.32"W,28.86905,-11.69061,29.91624,-12.43084,29.53707,-10.50929,28.18894,-12.85832,27.80914,-10.9687,LC08_L1TP_204040_20170207_20170216_01_T1,LC08_L1TP_204040_20170207_20170216_01_T1,https://earthexplorer.usgs.gov/browse-link/13400/LC82040402017038LGN00
LC08_L1TP_156030_20170207_20170216_01_T1,LC81560302017038LGN00,2017/02/07,T1,1, 156, 030,156, 030,NADIR,-.001,2017/02/16,2017:038:06:16:23.5680300,2017:038:06:16:55.3380270,LGN,8.14,8.14,81,4,9.861,7.71,6.148,9,LPGS_2.7.0,27.9856587,155.0630081,FINAL,OLI_TIRS_L1TP,OLI_TIRS,16041,15821,8021,7911,8021,7911,UTM,42,WGS84,WGS84,15,30,30,LO8BPF20170207060803_20170207065418.02,LT8BPF20170126100746_20170211131243.01,LC08CPF_20170101_20170331_01.01,LC08RLUT_20150303_20431231_01_12.h5,43°11'05.14"N,66°39'49.79"E,44°14'30.41"N,65°47'52.40"E,43°49'19.45"N,68°06'40.32"E,42°31'42.49"N,65°14'40.20"E,42°06'43.16"N,67°29'40.92"E,43.18476,66.66383,44.24178,65.79789,43.82207,68.1112,42.52847,65.2445,42.11199,67.4947,LC08_L1TP_156030_20170207_20170216_01_T1,LC08_L1TP_156030_20170207_20170216_01_T1,https://earthexplorer.usgs.gov/browse-link/13400/LC81560302017038LGN00
LC08_L1GT_172111_20170207_20170216_01_T2,LC81721112017038LGN00,2017/02/07,T2,1, 172, 111,172, 111,NADIR,0,2017/02/16,2017:038:08:27:35.1482190,2017:038:08:28:06.9182160,LGN,9.74,9.74,-1,4,,,,9,LPGS_2.7.0,24.24800515,62.45089749,FINAL,OLI_TIRS_L1GT,OLI_TIRS,17581,17661,8791,8831,8791,8831,PS,,WGS84,WGS84,15,30,30,LO8BPF20170207074656_20170207083311.02,LT8BPF20170126100746_20170211131243.01,LC08CPF_20170101_20170331_01.01,LC08RLUT_20150303_20431231_01_12.h5,72°12'23.33"S,0°19'58.69"W,71°01'08.15"S,1°25'39.61"W,71°50'01.36"S,3°29'05.57"E,72°30'36.97"S,4°17'57.77"W,73°23'28.00"S,0°54'53.24"E,-72.20648,-.33297,-71.01893,-1.42767,-71.83371,3.48488,-72.51027,-4.29938,-73.39111,.91479,LC08_L1GT_172111_20170207_20170216_01_T2,LC08_L1GT_172111_20170207_20170216_01_T2,https://earthexplorer.usgs.gov/browse-link/13400/LC81721112017038LGN00
LC08_L1GT_172121_20170207_20170216_01_T2,LC81721212017038LGN00,2017/02/07,T2,1, 172, 121,172, 121,NADIR,0,2017/02/16,2017:038:08:31:35.1641930,2017:038:08:32:06.9341910,LGN,2.57,2.57,-1,4,,,,9,LPGS_2.7.0,12.18978702,112.24651637,FINAL,OLI_TIRS_L1GT,OLI_TIRS,16961,17061,8481,8531,8481,8531,PS,,WGS84,WGS84,15,30,30,LO8BPF20170207074656_20170207083311.02,LT8BPF20170126100746_20170211131243.01,LC08CPF_20170101_20170331_01.01,LC08RLUT_20150303_20431231_01_12.h5,81°44'05.06"S,54°48'09.18"W,80°41'25.87"S,50°27'20.92"W,82°23'34.08"S,47°12'32.69"W,80°57'31.90"S,61°14'32.93"W,82°43'16.68"S,60°22'41.74"W,-81.73474,-54.80255,-80.69052,-50.45581,-82.3928,-47.20908,-80.95886,-61.24248,-82.7213,-60.37826,LC08_L1GT_172121_20170207_20170216_01_T2,LC08_L1GT_172121_20170207_20170216_01_T2,https://earthexplorer.usgs.gov/browse-link/13400/LC81721212017038LGN00
LC08_L1TP_156063_20170207_20170216_01_T1,LC81560632017038LGN00,2017/02/07,T1,1, 156, 063,156, 063,NADIR,-.001,2017/02/16,2017:038:06:29:32.3196310,2017:038:06:30:04.0896280,LGN,43.56,5.61,13,4,6.784,5.432,4.064,9,LPGS_2.7.0,57.58343128,111.8309757,FINAL,OLI_TIRS_L1TP,OLI_TIRS,15461,15181,7731,7591,7731,7591,UTM,40,WGS84,WGS84,15,30,30,LO8BPF20170207060803_20170207065418.02,LT8BPF20170126100746_20170211131243.01,LC08CPF_20170101_20170331_01.01,LC08RLUT_20150303_20431231_01_12.h5,4°20'21.41"S,55°01'46.74"E,3°17'38.00"S,54°22'28.99"E,3°39'11.41"S,56°03'12.38"E,5°01'41.12"S,54°00'11.34"E,5°23'27.13"S,55°41'08.70"E,-4.33928,55.02965,-3.29389,54.37472,-3.65317,56.05344,-5.02809,54.00315,-5.39087,55.68575,LC08_L1TP_156063_20170207_20170216_01_T1,LC08_L1TP_156063_20170207_20170216_01_T1,https://earthexplorer.usgs.gov/browse-link/13400/LC81560632017038LGN00
LC08_L1GT_220106_20170207_20170216_01_T2,LC82201062017038LGN00,2017/02/07,T2,1, 220, 106,220, 106,NADIR,0,2017/02/16,2017:038:13:22:14.1011240,2017:038:13:22:45.8711210,LGN,13.36,63.1,-1,4,,,,9,LPGS_2.7.0,30.03497718,57.03768859,FINAL,OLI_TIRS_L1GT,OLI_TIRS,18781,18781,9391,9391,9391,9391,PS,,WGS84,WGS84,15,30,30,LO8BPF20170207124423_20170207132949.02,LT8BPF20170126100746_20170211131243.01,LC08CPF_20170101_20170331_01.01,LC08RLUT_20150303_20431231_01_12.h5,65°35'13.02"S,65°53'57.66"W,64°27'01.62"S,67°03'08.68"W,65°04'50.92"S,63°11'56.76"W,66°03'04.03"S,68°42'15.41"W,66°43'04.37"S,64°38'18.10"W,-65.58695,-65.89935,-64.45045,-67.05241,-65.08081,-63.1991,-66.05112,-68.70428,-66.71788,-64.63836,LC08_L1GT_220106_20170207_20170216_01_T2,LC08_L1GT_220106_20170207_20170216_01_T2,https://earthexplorer.usgs.gov/browse-link/13400/LC82201062017038LGN00
LC08_L1GT_003121_20170207_20170216_01_T2,LC80031212017038LGN00,2017/02/07,T2,1, 003, 121,3, 121,NADIR,0,2017/02/16,2017:038:15:07:06.9793190,2017:038:15:07:38.7493170,LGN,16.48,16.48,-1,4,,,,9,LPGS_2.7.0,12.10436218,112.23867632,FINAL,OLI_TIRS_L1GT,OLI_TIRS,15961,15781,7981,7891,7981,7891,PS,,WGS84,WGS84,15,30,30,LO8BPF20170207092549_20170207150818.01,LT8BPF20170126100746_20170211131243.01,LC08CPF_20170101_20170331_01.01,LC08RLUT_20150303_20431231_01_12.h5,81°44'11.00"S,153°41'11.94"W,80°41'31.88"S,149°20'20.98"W,82°23'39.91"S,146°05'29.90"W,80°57'37.87"S,160°07'40.69"W,82°43'22.58"S,159°15'50.15"W,-81.73639,-153.68665,-80.69219,-149.33916,-82.39442,-146.09164,-80.96052,-160.12797,-82.72294,-159.26393,LC08_L1GT_003121_20170207_20170216_01_T2,LC08_L1GT_003121_20170207_20170216_01_T2,https://earthexplorer.usgs.gov/browse-link/13400/LC80031212017038LGN00
